User-Format Well ID, Top Depth (m), Bottom Depth (m), Coresponding Top Depth (m), Coresponding FTOP, Coresponding Bottom Depth (m), Coresponding FBTM
100/02-35-077-14W6/00, 425, 2573, 0, ABOVE Kdoe_ck, 2280, TRmontney
100/02-07-077-16W6/00, 608, 2829.5, 0, ABOVE Kbfs, 1407, BELOW TRdoig_p
102/05-18-077-16W6/00, 605, 2828, 0, ABOVE Kbfs, 1407, BELOW TRdoig_p
100/04-30-077-16W6/00, 470, 2776, 0, ABOVE Kshftbury, 2756.7, PRbelloy
102/16-03-077-17W6/00, 608, 2899.6, 607, Kdunvegan, 1407, BELOW TRdoig_p
100/13-08-077-17W6/00, 603, 3035, 0, ABOVE Kbfs, 3013.5, PRbelloy
100/15-12-077-17W6/00, 469, 2847, 0, ABOVE Kshftbury, 1407, BELOW TRdoig_p
100/15-12-077-17W6/02, 469, 2847, 0, ABOVE Kshftbury, 1407, BELOW TRdoig_p
100/13-22-077-17W6/00, 605, 2828, 0, ABOVE Kbfs, 1407, BELOW TRdoig_p
100/14-23-077-17W6/00, 471, 2827, 0, ABOVE Kshftbury, 1407, BELOW TRdoig_p
100/02-31-077-17W6/00, 606, 2827.5, 0, ABOVE Kbfs, 1407, BELOW TRdoig_p
100/07-31-077-17W6/00, -1, 2873.5, 0, ABOVE Kshftbury, 2566, TRmontney
100/08-31-077-17W6/00, 611.5, 2863, 0, ABOVE Kbfs, 1407, BELOW TRdoig_p
100/02-21-077-18W6/00, 479, 3077.5, 0, ABOVE Kshftbury, 1407, BELOW TRdoig_p
100/16-33-077-18W6/00, 611.5, 3043, 0, ABOVE Kbfs, 1407, BELOW TRdoig_p
100/02-32-077-19W6/00, 626, 3136, 531, Kshftbury, 1407, BELOW TRdoig_p
100/02-32-077-19W6/02, 626, 3136, 531, Kshftbury, 1407, BELOW TRdoig_p
100/02-32-077-19W6/03, 626, 3136, 531, Kshftbury, 1407, BELOW TRdoig_p
100/05-16-077-20W6/00, 463, 1699, 0, ABOVE TRhalfway, 2747, PRbelloy_p
100/02-25-078-15W6/00, 339.5, 2286, 0, ABOVE Kshftbury, 1407, BELOW TRdoig_p
100/04-27-078-16W6/02, 421, 2573, 0, ABOVE TRdoig, 2256.5, TRmontney
100/10-31-078-16W6/00, 160.5, 915.9, 0, ABOVE Kdoe_ck, 704.2, Kbfs
100/01-02-078-17W6/00, 500, 2732.5, 0, ABOVE Kpaddy, 1407, BELOW TRdoig_p
100/03-03-078-17W6/00, 608, 2752, 0, ABOVE Kbfs, 1407, BELOW TRdoig_p
100/08-06-078-17W6/00, 601, 2747, 0, ABOVE Kbfs, 1407, BELOW TRdoig_p
100/03-09-078-17W6/00, 603, 2657.6, 0, ABOVE Kbfs, 2409.6, TRmontney
100/12-17-078-17W6/00, 601, 2741, 0, ABOVE Kbfs, 1407, BELOW TRdoig_p
100/10-24-078-17W6/00, 161.7, 983.6, 0, ABOVE Kdoe_ck, 965, Kcadotte
100/10-24-078-17W6/02, 161.7, 983.6, 0, ABOVE Kdoe_ck, 965, Kcadotte
100/01-27-078-17W6/00, 605, 2781, 0, ABOVE Kpaddy, 2729, PRbelloy
100/13-33-078-17W6/00, 604, 2625, 0, ABOVE Kpaddy, 1407, BELOW TRdoig_p
100/16-01-078-18W6/00, 472, 2889, 0, ABOVE Kdunvegan, 1407, BELOW TRdoig_p
100/16-01-078-18W6/02, 472, 2889, 0, ABOVE Kdunvegan, 1407, BELOW TRdoig_p
100/16-01-078-18W6/03, 472, 2889, 0, ABOVE Kdunvegan, 1407, BELOW TRdoig_p
100/02-10-078-18W6/00, 476, 2913, 0, ABOVE Kshftbury, 1407, BELOW TRdoig_p
100/14-10-078-18W6/00, 607, 2887, 0, ABOVE Kbfs, 1407, BELOW TRdoig_p
100/09-11-078-18W6/00, 473, 2591, 0, ABOVE Kbfs, 1407, BELOW TRdoig_p
100/09-13-078-18W6/00, 412, 2683.4, 0, ABOVE Kpaddy, 2405.5, TRmontney
100/07-15-078-18W6/00, 650, 2869.2, 0, ABOVE Kbfs, 1407, BELOW TRdoig_p
100/09-15-078-18W6/00, 605.5, 2775, 0, ABOVE TRdoig, 1407, BELOW TRdoig_p
100/02-27-078-18W6/00, 414.9, 2778, 0, ABOVE Kpaddy, 1407, BELOW TRdoig_p
100/12-29-078-18W6/00, 442, 2860, 0, ABOVE Kpaddy, 1407, BELOW TRdoig_p
100/12-29-078-18W6/02, 442, 2860, 0, ABOVE Kpaddy, 1407, BELOW TRdoig_p
100/13-36-078-18W6/00, 1700, 2812, 1659.5, Jfernie, 1407, BELOW TRdoig_p
100/13-36-078-18W6/02, 1700, 2812, 1659.5, Jfernie, 1407, BELOW TRdoig_p
100/10-03-078-19W6/00, 41.5, 2647.5, 0, ABOVE Kbfs, 1407, BELOW TRdoig_p
100/10-03-078-19W6/02, 41.5, 2647.5, 0, ABOVE Kbfs, 1407, BELOW TRdoig_p
100/10-03-078-19W6/03, 41.5, 2647.5, 0, ABOVE Kbfs, 1407, BELOW TRdoig_p
100/13-13-078-19W6/00, 592.8, 2758.4, 0, ABOVE Kpaddy, 2639, TRmontney
100/16-26-078-19W6/00, 603, 2825.5, 578.9, Kbfs, 2822, PRbelloy
100/11-28-078-19W6/00, 550, 2833, 0, ABOVE Kbfs, 2582.4, TRmontney
100/11-07-078-20W6/00, 575, 3170, 0, ABOVE Kpaddy, 3089.5, PRbelloy
100/11-07-078-20W6/02, 575, 3170, 0, ABOVE Kpaddy, 3089.5, PRbelloy
100/11-07-078-20W6/03, 575, 3170, 0, ABOVE Kpaddy, 3089.5, PRbelloy
100/11-07-078-20W6/04, 575, 3170, 0, ABOVE Kpaddy, 3089.5, PRbelloy
100/13-21-078-20W6/00, 651, 3054, 570, Kbfs, 1407, BELOW TRdoig_p
100/07-23-078-21W6/00, 1400, 2805, 1346.4, Kwilrich, 2777.2, TRdoig_ph
100/07-23-078-21W6/02, 1400, 2805, 1346.4, Kwilrich, 2777.2, TRdoig_ph
100/07-23-078-21W6/03, 1400, 2805, 1346.4, Kwilrich, 2777.2, TRdoig_ph
100/07-23-078-21W6/04, 1400, 2805, 1346.4, Kwilrich, 2777.2, TRdoig_ph
100/13-31-079-13W6/00, 300, 2146, 0, ABOVE Kbluesky, 2020, TRmontney
100/01-25-079-14W6/00, 308.5, 2190.5, 0, ABOVE Kbfs, 1882.1, TRmontney
100/09-30-079-14W6/00, 1525, 2060, 1461.4, Jfernie, 1976.4, TRmontney
100/03-21-079-17W6/00, 403, 2599, 0, ABOVE Kbfs, 2596, PRbelloy
102/03-24-079-17W6/00, 457.2, 4117.5, 0, ABOVE Kbfs, 1407, BELOW TRdoig_p
100/11-36-079-17W6/00, 369, 2406.6, 0, ABOVE Kpaddy, 1407, BELOW TRdoig_p
100/01-04-079-18W6/00, 417, 2722, 0, ABOVE Kbfs, 2699, PRbelloy
100/03-15-079-19W6/00, 450.5, 2597, 0, ABOVE Kbfs, 2388, TRmontney
100/03-15-079-19W6/02, 450.5, 2597, 0, ABOVE Kbfs, 2388, TRmontney
100/11-04-079-20W6/00, 2212, 2999.6, 2188.9, TRbndrylk, 1407, BELOW TRdoig_p
100/16-28-079-21W6/00, 640.6, 3072.1, 0, ABOVE Kbluesky, 2786, TRmontney
100/13-17-080-13W6/00, 525, 3158, 0, ABOVE Kpeace_rv, 2918.8, Mbanff
100/07-06-080-15W6/00, 1049, 1983, 1017.9, Kfalher, 1971.8, TRhalfway
102/13-06-080-15W6/00, 603, 1680, 0, ABOVE Kpaddy, 1677.8, TRbaldnnl
100/07-25-080-16W6/00, 2396, 3807, 2373.4, Mtaylr_fl, 3594.9, Dwabamun
100/07-25-080-16W6/02, 2396, 3807, 2373.4, Mtaylr_fl, 3594.9, Dwabamun
100/03-13-080-17W6/00, 161, 846.5, 0, ABOVE Kshftbury, 800.8, Knotikwn
100/10-36-080-17W6/00, 1350, 2297.8, 1307.9, Jnikanssn, 1407, BELOW TRdoig_p
100/07-31-080-18W6/00, 513, 4138.4, 0, ABOVE Kpeace_rv, 1407, BELOW TRdoig_p
100/05-09-080-19W6/00, 457, 2717, 0, ABOVE Kbfs, 2405.2, TRmontney
100/05-09-080-19W6/02, 457, 2717, 0, ABOVE Kbfs, 2405.2, TRmontney
100/05-09-080-19W6/03, 457, 2717, 0, ABOVE Kbfs, 2405.2, TRmontney
100/05-09-080-19W6/04, 457, 2717, 0, ABOVE Kbfs, 2405.2, TRmontney
100/11-09-080-20W6/00, 2106, 2591, 0, ABOVE TRartex, 1407, BELOW TRdoig_p
100/06-26-080-20W6/00, 1600, 2389, 1563.2, Jfernie, 2378, TRmontney
100/05-01-081-15W6/00, 621, 2083.3, 0, ABOVE Kpaddy, 1537.9, TRbndrylk
100/08-18-081-15W6/00, 1450, 3552, 1436.6, TRbaldnnl, 1407, BELOW TRdoig_p
100/08-18-081-15W6/02, 1450, 3552, 1436.6, TRbaldnnl, 1407, BELOW TRdoig_p
100/08-18-081-15W6/03, 1450, 3552, 1436.6, TRbaldnnl, 1407, BELOW TRdoig_p
100/03-33-081-15W6/00, 550, 3230, 0, ABOVE Kpeace_rv, 3013, Mbanff
100/03-33-081-15W6/02, 550, 3230, 0, ABOVE Kpeace_rv, 3013, Mbanff
100/03-33-081-15W6/03, 550, 3230, 0, ABOVE Kpeace_rv, 3013, Mbanff
100/06-33-081-15W6/00, 282, 1705, 0, ABOVE Kbfs, 1693.5, TRdoig
100/06-33-081-15W6/02, 282, 1705, 0, ABOVE Kbfs, 1693.5, TRdoig
100/04-13-081-17W6/00, 309, 3902.4, 0, ABOVE Kbfs, 1407, BELOW TRdoig_p
100/02-28-081-17W6/00, 557, 2155, 0, ABOVE Kbluesky, 1407, BELOW TRdoig_p
100/10-31-081-17W6/00, 205, 1378, 0, ABOVE Kbfs, 1407, BELOW TRdoig_p
100/13-09-081-18W6/00, 360, 2402, 0, ABOVE Kpaddy, 2089.5, TRmontney
100/05-18-081-18W6/00, 406, 2432, 0, ABOVE Kbluesky, 2099, TRmontney
100/04-20-081-18W6/00, 406, 2353, 0, ABOVE Kbluesky, 2339.2, PRbelloy
102/01-02-081-19W6/00, 3679, 4002, 3503, Mbanff, 3990, preCamb
100/08-08-081-19W6/00, 408, 2499, 0, ABOVE Kpeace_rv, 1407, BELOW TRdoig_p
102/09-21-081-19W6/00, 402.3, 2234.1, 0, ABOVE Kbluesky, 2220, PRbelloy
100/16-32-081-19W6/00, 407, 2093, 0, ABOVE Kharmon, 1407, BELOW TRdoig_p
100/16-06-081-20W6/00, 610, 2280, 556.1, Kfalher, 2067.6, TRmontney
100/14-36-081-20W6/00, 700, 2102, 494.5, Kfalher, 2097.5, PRbelloy
100/16-22-081-22W6/00, 301, 1851.5, 0, ABOVE Kbluesky, 1407, BELOW TRdoig_p
100/16-34-081-22W6/00, 305, 2391.9, 0, ABOVE Kbluesky, 2170, Mtaylr_fl
100/16-34-081-22W6/02, 305, 2391.9, 0, ABOVE Kbluesky, 2170, Mtaylr_fl
100/07-05-082-17W6/00, 1070, 2256.1, 779.9, Knotikwn, 2225.5, PRbelloy
100/05-03-082-18W6/00, 1315, 2190, 1284.1, Jrock_ck, 1407, BELOW TRdoig_p
100/11-05-082-18W6/00, 379, 2226.4, 0, ABOVE Kpeace_rv, 1985, PRbelloy
102/07-05-082-19W6/00, 1900, 2118, 1822, TRdoig, 1407, BELOW TRdoig_p
102/07-05-082-19W6/02, 1900, 2118, 1822, TRdoig, 1407, BELOW TRdoig_p
102/07-05-082-19W6/03, 1900, 2118, 1822, TRdoig, 1407, BELOW TRdoig_p
100/09-07-082-20W6/00, 1751.6, 2096.6, 1652, TRdoig, 2083.5, PRbelloy
102/05-15-082-21W6/00, 238.5, 1497.5, 0, ABOVE Kpeace_rv, 1465.9, TRdoig
100/02-04-082-22W6/00, 511, 2010.5, 0, ABOVE Kbluesky, 1817, TRmontney
100/13-14-082-22W6/00, 307, 2027.4, 295, Kpeace_rv, 1959, PRbelloy
100/13-14-082-22W6/02, 307, 2027.4, 295, Kpeace_rv, 1959, PRbelloy
100/01-29-082-22W6/00, 303.5, 2072.4, 0, ABOVE Kharmon, 1972, PRbelloy
100/13-36-082-22W6/00, 348, 1953, 298.5, Kpeace_rv, 1937.5, PRbelloy
100/16-12-082-23W6/00, 248, 1630.5, 0, ABOVE Kbluesky, 1568, TRdoig
100/08-13-082-23W6/00, 940, 1205, 815.8, Jnikanssn, 1196.3, TRcecil
100/10-16-083-14W6/00, 254, 1648.5, 0, ABOVE Kpeace_rv, 1594.2, TRmontney
100/10-16-083-14W6/02, 254, 1648.5, 0, ABOVE Kpeace_rv, 1594.2, TRmontney
102/04-09-083-17W6/00, 1150, 1536, 1149.9, Jnordegg, 1518.6, TRdoig
100/03-01-083-21W6/00, 303.5, 1928.4, 0, ABOVE Kpeace_rv, 1902, PRbelloy
100/07-14-083-21W6/00, 359, 1895, 0, ABOVE Knotikwn, 1878.5, PRbelloy
100/07-27-083-21W6/00, 358, 1923.6, 0, ABOVE Knotikwn, 1407, BELOW TRdoig_p
100/09-01-083-22W6/00, 263, 1648, 0, ABOVE Knotikwn, 1407, BELOW TRdoig_p
100/11-03-083-22W6/00, 280, 1584.5, 0, ABOVE Kharmon, 1553, TRdoig
100/11-03-083-22W6/02, 280, 1584.5, 0, ABOVE Kharmon, 1553, TRdoig
100/11-03-083-22W6/03, 280, 1584.5, 0, ABOVE Kharmon, 1553, TRdoig
100/01-23-083-24W6/00, 600.7, 2049, 0, ABOVE Kbluesky, 1407, BELOW TRdoig_p
100/01-31-083-24W6/00, 359.5, 2414.6, 0, ABOVE Kharmon, 2384.3, PRbelloy
100/01-31-083-24W6/02, 359.5, 2414.6, 0, ABOVE Kharmon, 2384.3, PRbelloy
100/12-17-083-25W6/03, 2000, 4235, 0, ABOVE TRdoig_ph, 1407, BELOW TRdoig_p
100/03-24-083-25W6/00, 207, 1333, 0, ABOVE Kbluesky, 1290.8, Jfernie
102/05-26-083-25W6/00, 1424, 4263.5, 1414, Jnordegg, 1407, BELOW TRdoig_p
100/10-30-083-25W6/00, 253.4, 1467.7, 0, ABOVE Kbluesky, 1431.5, Jfernie
102/16-33-083-25W6/00, 1418, 3615, 1413.3, Jnordegg, 1407, BELOW TRdoig_p
100/09-34-083-25W6/00, 1390.9, 3853.8, 1297.6, Jfernie, 1407, BELOW TRdoig_p
100/12-36-083-25W6/00, 179.3, 1345, 0, ABOVE Kbluesky, 1337.3, Jnordegg
100/16-36-083-25W6/00, 611.8, 2469.6, 0, ABOVE Kbluesky, 2452, Mdebolt_U
100/16-36-083-25W6/02, 611.8, 2469.6, 0, ABOVE Kbluesky, 2452, Mdebolt_U
100/16-36-083-25W6/03, 611.8, 2469.6, 0, ABOVE Kbluesky, 2452, Mdebolt_U
102/08-33-084-18W6/00, 166, 939.3, 0, ABOVE Kbfs, 936.8, Kbluesky
100/16-05-084-24W6/00, -1, 1212, 0, ABOVE Kbluesky, 1181.2, Jfernie
100/04-20-084-24W6/00, 1850, 2345, 1818.7, TRdoig, 1407, BELOW TRdoig_p
100/11-02-084-25W6/03, 1700, 4206.3, 1643.7, TRinga, 1407, BELOW TRdoig_p
100/09-22-084-25W6/00, 830, 1100.7, 670, Kwilrich, 1017, Kcadomin
100/08-09-085-14W6/00, 1625, 1781, 1398.2, TRmontney, 1407, BELOW TRdoig_p
100/08-09-085-14W6/02, 1625, 1781, 1398.2, TRmontney, 1407, BELOW TRdoig_p
102/16-01-085-18W6/00, 235, 1560, 0, ABOVE Kbfs, 1407, BELOW TRdoig_p
100/15-12-085-22W6/00, 362.7, 2106.5, 0, ABOVE Kspirit_r, 1407, BELOW TRdoig_p
100/15-12-085-22W6/02, 362.7, 2106.5, 0, ABOVE Kspirit_r, 1407, BELOW TRdoig_p
100/09-07-085-25W6/00, 360.7, 2371.6, 0, ABOVE Knotikwn, 2343.7, PRbelloy
100/14-31-086-18W6/00, 1060, 1596.6, 1056.5, Kgething, 1407, BELOW TRdoig_p
100/14-31-086-18W6/02, 1060, 1596.6, 1056.5, Kgething, 1407, BELOW TRdoig_p
100/14-31-086-18W6/03, 1060, 1596.6, 1056.5, Kgething, 1407, BELOW TRdoig_p
100/01-14-086-19W6/00, 301.7, 1947.5, 0, ABOVE Kbfs, 1407, BELOW TRdoig_p
100/01-14-086-19W6/02, 301.7, 1947.5, 0, ABOVE Kbfs, 1407, BELOW TRdoig_p
100/14-35-086-20W6/00, 306, 1948, 0, ABOVE Kbfs, 1923.5, Mdebolt_U
100/14-35-086-20W6/02, 306, 1948, 0, ABOVE Kbfs, 1923.5, Mdebolt_U
102/16-12-086-24W6/00, 20, 619, 0, ABOVE Ksikanni, 524.7, Kbuck_hrs
100/06-16-087-20W6/00, 1500, 1700, 1461.2, TRn_pine, 1676.4, TRmontney
100/06-16-087-20W6/02, 1500, 1700, 1461.2, TRn_pine, 1676.4, TRmontney
102/06-05-087-23W6/00, 35, 1635.5, 0, ABOVE Knotikwn, 1621.4, TRcpln_uc
102/06-05-087-23W6/02, 35, 1635.5, 0, ABOVE Knotikwn, 1621.4, TRcpln_uc
102/06-05-087-23W6/03, 35, 1635.5, 0, ABOVE Knotikwn, 1621.4, TRcpln_uc
102/06-05-087-23W6/04, 35, 1635.5, 0, ABOVE Knotikwn, 1621.4, TRcpln_uc
102/13-16-087-23W6/00, 610.6, 1901.1, 0, ABOVE Kpeace_rv, 1819.2, TRmontney
102/06-18-087-23W6/00, 258.5, 1627, 0, ABOVE Knotikwn, 1618, TRcpln_uc
100/01-19-087-23W6/00, 1009.6, 2109.6, 875, Kspirit_r, 1888, TRmontney
100/04-29-087-23W6/00, 1100, 1875, 0, ABOVE Kbluesky, 1826, TRdoig_ss
102/12-31-087-23W6/00, 25, 1600, 0, ABOVE Kpeace_rv, 1584, TRbndrylk
102/12-06-087-24W6/00, 361.2, 2192, 0, ABOVE Kbluesky, 1407, BELOW TRdoig_p
100/15-11-087-25W6/02, 1440, 1718, 0, ABOVE PRbelloy, 1750, TRdoig_p
100/03-27-088-14W6/00, 249.7, 1652.9, 0, ABOVE Kshftbury, 1623.8, Mdebolt
100/03-27-088-14W6/02, 249.7, 1652.9, 0, ABOVE Kshftbury, 1623.8, Mdebolt
100/03-27-088-14W6/03, 249.7, 1652.9, 0, ABOVE Kshftbury, 1623.8, Mdebolt
100/06-29-088-14W6/00, 224.5, 1352.3, 0, ABOVE Kshftbury, 1332.5, TRmontney
100/09-13-088-15W6/00, 225.1, 1384.3, 0, ABOVE Kshftbury, 1327.3, TRmontney
100/09-13-088-15W6/02, 225.1, 1384.3, 0, ABOVE Kshftbury, 1327.3, TRmontney
102/09-33-088-18W6/00, 1007, 1014, 995.3, Kgething, 1011.8, Kdunlevy
102/09-33-088-18W6/02, 1007, 1014, 995.3, Kgething, 1011.8, Kdunlevy
100/16-08-088-19W6/00, 1110, 1210, 1011.9, Kwilrich, 1207, Jnordegg
100/16-08-088-19W6/02, 1110, 1210, 1011.9, Kwilrich, 1207, Jnordegg
100/08-13-088-19W6/00, -1, 1407.3, 0, ABOVE Kbfs, 1385.4, TRdoig
100/15-06-088-21W6/00, 275, 1738.8, 0, ABOVE Kbfs, 1725.2, TRmontney
100/15-06-088-21W6/02, 275, 1738.8, 0, ABOVE Kbfs, 1725.2, TRmontney
100/05-07-088-22W6/00, 272.6, 1772, 0, ABOVE Kbfs, 1762, TRmontney
100/05-07-088-22W6/02, 272.6, 1772, 0, ABOVE Kbfs, 1762, TRmontney
100/16-10-088-23W6/00, 1650, 1890.5, 1592.4, TRn_pine, 1818.5, TRmontney
100/02-23-088-23W6/00, 1300, 1841.5, 1299.7, Jfernie, 1407, BELOW TRdoig_p
100/04-08-088-24W6/00, 629.2, 2043.9, 0, ABOVE Kbluesky, 1407, BELOW TRdoig_p
100/07-29-088-25W6/00, 200, 1118, 0, ABOVE Kbluesky, 1112, Jfernie
100/11-29-088-25W6/00, 177, 1165, 0, ABOVE Kbluesky, 1407, BELOW TRdoig_p
200/c-095-F 082-G-10/00, 111.5, 876.1, 87, Jelk, 348, Jmist_mtn
200/b-098-F 082-G-10/00, 111, 1100, 0, ABOVE KblairmrL, 720, Jmist_mtn
200/d-082-L 082-J-02/00, 45.1, 1072.6, 0, ABOVE Jmist_mtn, 219, Jmist_mtn
200/d-093-L 082-J-02/00, 45, 1042, 0, ABOVE Jmist_mtn, 359, Jmist_mtn
200/c-074-I 093-I-08/00, 2737, 3516, 2729, Kwilrich, 1407, BELOW TRdoig_p
200/c-074-I 093-I-08/02, 2737, 3516, 2729, Kwilrich, 1407, BELOW TRdoig_p
200/c-074-I 093-I-08/03, 2737, 3516, 2729, Kwilrich, 1407, BELOW TRdoig_p
200/c-092-I 093-I-08/00, 566, 566, 0, ABOVE Kbadheart, 999, TRmontney_p
200/c-092-I 093-I-08/02, 2540.5, 3525.1, 2531.3, Knotikwn, 1407, BELOW TRdoig_p
200/c-092-I 093-I-08/03, 2540.5, 3525.1, 2531.3, Knotikwn, 1407, BELOW TRdoig_p
200/c-092-I 093-I-08/04, 2540.5, 3525.1, 2531.3, Knotikwn, 1407, BELOW TRdoig_p
200/c-092-I 093-I-08/05, 2540.5, 3525.1, 2531.3, Knotikwn, 1407, BELOW TRdoig_p
200/c-092-I 093-I-08/06, 2540.5, 3525.1, 2531.3, Knotikwn, 1407, BELOW TRdoig_p
200/c-004-A 093-I-09/00, 506, 3464, 425.1, Kmuskiki, 1407, BELOW TRdoig_p
200/c-004-A 093-I-09/02, 506, 3464, 425.1, Kmuskiki, 1407, BELOW TRdoig_p
200/c-004-A 093-I-09/03, 506, 3464, 425.1, Kmuskiki, 1407, BELOW TRdoig_p
200/a-008-A 093-I-09/00, 3150, 3275, 3064, Jnikanssn, 3064, Jnikanssn
200/a-008-A 093-I-09/02, 3150, 3275, 3064, Jnikanssn, 3064, Jnikanssn
200/a-008-A 093-I-09/03, 3150, 3275, 3064, Jnikanssn, 3064, Jnikanssn
200/b-013-A 093-I-09/00, 2345, 3421.6, 2338, Knotikwn, 1407, BELOW TRdoig_p
200/a-039-A 093-I-09/00, 505, 3242.1, 268.9, Kkaskapau, 1407, BELOW TRdoig_p
200/a-039-A 093-I-09/02, 505, 3242.1, 268.9, Kkaskapau, 1407, BELOW TRdoig_p
200/c-042-A 093-I-09/00, 519, 3550, 0, ABOVE Kbadheart, 1407, BELOW TRdoig_p
200/c-042-A 093-I-09/02, 519, 3550, 0, ABOVE Kbadheart, 1407, BELOW TRdoig_p
200/c-042-A 093-I-09/03, 519, 3550, 0, ABOVE Kbadheart, 1407, BELOW TRdoig_p
200/c-053-A 093-I-09/02, 2665, 3565, 2662, Kfalher, 1407, BELOW TRdoig_p
200/c-053-A 093-I-09/03, 2665, 3565, 2662, Kfalher, 1407, BELOW TRdoig_p
200/c-053-A 093-I-09/04, 2665, 3565, 2662, Kfalher, 1407, BELOW TRdoig_p
200/c-053-A 093-I-09/05, 2665, 3565, 2662, Kfalher, 1407, BELOW TRdoig_p
200/c-053-A 093-I-09/06, 2665, 3565, 2662, Kfalher, 1407, BELOW TRdoig_p
200/c-064-A 093-I-09/02, 506.3, 3383.8, 0, ABOVE Jnikanssn, 1407, BELOW TRdoig_p
200/c-064-A 093-I-09/03, 506.3, 3383.8, 0, ABOVE Jnikanssn, 1407, BELOW TRdoig_p
200/c-064-A 093-I-09/04, 506.3, 3383.8, 0, ABOVE Jnikanssn, 1407, BELOW TRdoig_p
200/c-064-A 093-I-09/05, 506.3, 3383.8, 0, ABOVE Jnikanssn, 1407, BELOW TRdoig_p
200/d-073-A 093-I-09/00, 620.3, 3503, 0, ABOVE Kbadheart, 1407, BELOW TRdoig_p
200/d-073-A 093-I-09/02, 620.3, 3503, 0, ABOVE Kbadheart, 1407, BELOW TRdoig_p
200/d-073-A 093-I-09/03, 620.3, 3503, 0, ABOVE Kbadheart, 1407, BELOW TRdoig_p
200/d-018-G 093-I-09/00, 605, 3348, 0, ABOVE Kdunvegan, 1407, BELOW TRdoig_p
202/d-057-G 093-I-09/00, 470, 2998, 0, ABOVE Kbadheart, 2799.8, Jnikanssn
202/d-057-G 093-I-09/02, 470, 2998, 0, ABOVE Kbadheart, 2799.8, Jnikanssn
200/a-007-H 093-I-09/00, 604, 3358, 0, ABOVE Kdunvegan, 3093.2, Jnikanssn
200/a-007-H 093-I-09/02, 604, 3358, 0, ABOVE Kdunvegan, 3093.2, Jnikanssn
200/a-007-H 093-I-09/03, 604, 3358, 0, ABOVE Kdunvegan, 3093.2, Jnikanssn
202/a-038-H 093-I-09/00, 397.5, 2595, 0, ABOVE Kchinook, 1407, BELOW TRdoig_p
200/a-040-H 093-I-09/00, 616, 3230, 574, Kbadheart, 2854.3, Kmonach
200/a-040-H 093-I-09/02, 616, 3230, 574, Kbadheart, 2854.3, Kmonach
200/a-040-H 093-I-09/03, 616, 3230, 574, Kbadheart, 2854.3, Kmonach
200/a-024-I 093-I-09/00, 201, 1391.5, 0, ABOVE Kchinook, 1320, Kkaskapau
200/a-024-I 093-I-09/02, 201, 1391.5, 0, ABOVE Kchinook, 1320, Kkaskapau
200/a-024-I 093-I-09/03, 201, 1391.5, 0, ABOVE Kchinook, 1320, Kkaskapau
200/a-024-I 093-I-09/04, 201, 1391.5, 0, ABOVE Kchinook, 1320, Kkaskapau
200/a-024-I 093-I-09/05, 201, 1391.5, 0, ABOVE Kchinook, 1320, Kkaskapau
200/d-050-I 093-I-09/00, 198, 2738, 0, ABOVE Kkaskapau, 2717.7, Kpaddy
200/a-064-I 093-I-09/00, 2890, 3702, 2863, Kfalher_a, 1407, BELOW TRdoig_p
200/a-064-I 093-I-09/02, 2890, 3702, 2863, Kfalher_a, 1407, BELOW TRdoig_p
200/c-060-J 093-I-09/00, 2150, 3184.5, 2143, Kpaddy, 3105.4, Kbeati_pk
200/c-060-J 093-I-09/02, 2150, 3184.5, 2143, Kpaddy, 3105.4, Kbeati_pk
200/c-060-J 093-I-09/03, 2150, 3184.5, 2143, Kpaddy, 3105.4, Kbeati_pk
200/c-060-J 093-I-09/04, 2150, 3184.5, 2143, Kpaddy, 3105.4, Kbeati_pk
202/b-029-L 093-I-09/00, 158.5, 1059, 0, ABOVE Kpaddy, 774, Kfalher
200/b-011-I 093-I-10/00, 30, 559.6, 0, ABOVE Knotikwn, 420, Kfalher
200/a-044-G 093-I-14/00, 1104.6, 1431, 1089.5, Jnordegg, 1407, BELOW TRdoig_p
200/c-013-I 093-I-14/00, 606, 2788.3, 0, ABOVE Kgething, 2702.7, TRchly_lk
200/c-013-I 093-I-14/02, 606, 2788.3, 0, ABOVE Kgething, 2702.7, TRchly_lk
200/c-013-I 093-I-14/03, 606, 2788.3, 0, ABOVE Kgething, 2702.7, TRchly_lk
200/d-078-J 093-I-14/00, 605, 1995, 0, ABOVE Kmontth, 1982.8, Jnordegg
200/b-050-E 093-I-15/00, 1585, 1851, 1575, TRpardont, 1724, TRchly_lk
200/b-027-H 093-I-15/00, 436, 2600, 0, ABOVE Kdoe_ck, 2377, Kgething
200/b-027-H 093-I-15/02, 2090, 2805, 0, ABOVE Kfalher_c, 1407, BELOW TRdoig_p
200/b-027-H 093-I-15/03, 2090, 2805, 0, ABOVE Kfalher_c, 1407, BELOW TRdoig_p
200/b-027-H 093-I-15/04, 2090, 2805, 0, ABOVE Kfalher_c, 1407, BELOW TRdoig_p
200/b-027-H 093-I-15/05, 2090, 2805, 0, ABOVE Kfalher_c, 1407, BELOW TRdoig_p
200/a-030-K 093-I-15/00, 604.2, 2133.3, 0, ABOVE Kpaddy, 2099.4, Jnikanssn
200/c-030-L 093-I-15/00, 1658, 3344, 684, Jnikanssn, 1407, BELOW TRdoig_p
200/b-053-A 093-I-16/00, 459, 2993, 0, ABOVE Kbadheart, 2992.6, Kwilrich
200/a-061-A 093-I-16/00, 401, 2939, 0, ABOVE Kchinook, 1407, BELOW TRdoig_p
200/d-008-B 093-I-16/00, 3095, 3631, 3072, Kwilrich, 1407, BELOW TRdoig_p
200/d-008-B 093-I-16/02, 3095, 3631, 3072, Kwilrich, 1407, BELOW TRdoig_p
200/d-008-B 093-I-16/03, 3095, 3631, 3072, Kwilrich, 1407, BELOW TRdoig_p
200/d-057-C 093-I-16/00, 531, 3106, 0, ABOVE Kbadheart, 2869, Knotikwn
200/b-066-C 093-I-16/02, 3127.5, 3550.3, 2997, Kfalher_c, 1407, BELOW TRdoig_p
200/b-066-C 093-I-16/03, 3127.5, 3550.3, 2997, Kfalher_c, 1407, BELOW TRdoig_p
200/b-066-C 093-I-16/04, 3127.5, 3550.3, 2997, Kfalher_c, 1407, BELOW TRdoig_p
200/b-066-C 093-I-16/05, 3127.5, 3550.3, 2997, Kfalher_c, 1407, BELOW TRdoig_p
200/b-066-C 093-I-16/06, 3127.5, 3550.3, 2997, Kfalher_c, 1407, BELOW TRdoig_p
200/b-066-C 093-I-16/07, 3127.5, 3550.3, 2997, Kfalher_c, 1407, BELOW TRdoig_p
200/b-053-D 093-I-16/00, -1, 3649, 0, ABOVE Kcardium, 3075, Jnikanssn
200/a-083-D 093-I-16/02, 3900, 4558, 0, ABOVE TRchly_lk_p, 1407, BELOW TRdoig_p
200/d-083-D 093-I-16/00, 2800, 3922, 2724.9, Kwilrich, 1407, BELOW TRdoig_p
200/b-088-D 093-I-16/00, 414.3, 2827.9, 0, ABOVE Kcard_ss, 1407, BELOW TRdoig_p
200/b-030-F 093-I-16/00, 2872, 3575, 1407, BELOW TRdoig_p, 1407, BELOW TRdoig_p
200/b-062-F 093-I-16/00, 454, 3441, 0, ABOVE Kbadheart, 1407, BELOW TRdoig_p
200/b-062-F 093-I-16/02, 454, 3441, 0, ABOVE Kbadheart, 1407, BELOW TRdoig_p
200/b-062-F 093-I-16/03, 454, 3441, 0, ABOVE Kbadheart, 1407, BELOW TRdoig_p
200/d-002-G 093-I-16/00, 2425, 3333, 2103, Kbfs, 1407, BELOW TRdoig_p
200/d-002-G 093-I-16/02, 2425, 3333, 2103, Kbfs, 1407, BELOW TRdoig_p
200/d-002-G 093-I-16/03, 2425, 3333, 2103, Kbfs, 1407, BELOW TRdoig_p
200/d-002-G 093-I-16/04, 2425, 3333, 2103, Kbfs, 1407, BELOW TRdoig_p
200/d-015-G 093-I-16/02, 302, 2998, 0, ABOVE Kbadheart, 1407, BELOW TRdoig_p
200/d-015-G 093-I-16/03, 302, 2998, 0, ABOVE Kbadheart, 1407, BELOW TRdoig_p
200/d-015-G 093-I-16/04, 302, 2998, 0, ABOVE Kbadheart, 1407, BELOW TRdoig_p
202/d-015-G 093-I-16/00, 427.8, 2459, 0, ABOVE Kpskwskau, 2430, Kpaddy
202/d-015-G 093-I-16/02, 427.8, 2459, 0, ABOVE Kpskwskau, 2430, Kpaddy
200/d-026-G 093-I-16/00, 1357, 2902, 695.5, Kkaskapau, 1407, BELOW TRdoig_p
200/d-026-G 093-I-16/02, 1357, 2902, 695.5, Kkaskapau, 1407, BELOW TRdoig_p
200/d-035-G 093-I-16/00, 2864, 3661, 2807, Kwilrich, 1407, BELOW TRdoig_p
200/d-035-G 093-I-16/02, 2864, 3661, 2807, Kwilrich, 1407, BELOW TRdoig_p
200/d-035-G 093-I-16/03, 2864, 3661, 2807, Kwilrich, 1407, BELOW TRdoig_p
200/c-036-G 093-I-16/00, 402, 3543, 379, Kpskwskau, 1407, BELOW TRdoig_p
200/c-036-G 093-I-16/02, 402, 3543, 379, Kpskwskau, 1407, BELOW TRdoig_p
200/c-048-G 093-I-16/02, 498, 3565, 0, ABOVE Kbfs, 1407, BELOW TRdoig_p
200/c-048-G 093-I-16/03, 498, 3565, 0, ABOVE Kbfs, 1407, BELOW TRdoig_p
200/b-085-G 093-I-16/00, 493, 3530, 0, ABOVE Kchinook, 1407, BELOW TRdoig_p
200/b-085-G 093-I-16/02, 493, 3530, 0, ABOVE Kchinook, 1407, BELOW TRdoig_p
200/b-085-G 093-I-16/03, 493, 3530, 0, ABOVE Kchinook, 1407, BELOW TRdoig_p
200/b-085-G 093-I-16/04, 493, 3530, 0, ABOVE Kchinook, 1407, BELOW TRdoig_p
200/a-099-G 093-I-16/00, 515, 3555, 0, ABOVE Kchinook, 3550, Jfernie
200/a-099-G 093-I-16/02, 515, 3555, 0, ABOVE Kchinook, 3550, Jfernie
200/a-099-G 093-I-16/03, 515, 3555, 0, ABOVE Kchinook, 3550, Jfernie
200/b-092-H 093-I-16/00, 2595, 3081, 2562.1, Knotikwn, 3042, Jnikanssn
200/b-092-H 093-I-16/02, 2595, 3081, 2562.1, Knotikwn, 3042, Jnikanssn
200/b-092-H 093-I-16/03, 2595, 3081, 2562.1, Knotikwn, 3042, Jnikanssn
200/c-034-I 093-I-16/00, 493, 2658, 0, ABOVE Kpskwskau, 2647, Kwilrich
200/c-034-I 093-I-16/02, 493, 2658, 0, ABOVE Kpskwskau, 2647, Kwilrich
200/c-034-I 093-I-16/03, 493, 2658, 0, ABOVE Kpskwskau, 2647, Kwilrich
200/c-034-I 093-I-16/04, 493, 2658, 0, ABOVE Kpskwskau, 2647, Kwilrich
200/b-046-I 093-I-16/00, 460, 3211, 0, ABOVE Kchinook, 2911, Jnikanssn
200/b-046-I 093-I-16/02, 460, 3211, 0, ABOVE Kchinook, 2911, Jnikanssn
200/b-046-I 093-I-16/03, 460, 3211, 0, ABOVE Kchinook, 2911, Jnikanssn
200/a-049-I 093-I-16/00, 444, 3305, 0, ABOVE Kbadheart, 1407, BELOW TRdoig_p
200/a-049-I 093-I-16/02, 444, 3305, 0, ABOVE Kbadheart, 1407, BELOW TRdoig_p
200/d-008-K 093-I-16/00, 515, 3461, 515, Kpskwskau, 1407, BELOW TRdoig_p
200/d-008-K 093-I-16/02, 515, 3461, 515, Kpskwskau, 1407, BELOW TRdoig_p
200/b-022-K 093-I-16/00, 431, 3428, 0, ABOVE Kbadheart, 1407, BELOW TRdoig_p
200/d-073-A 093-O-08/00, 3672, 4873, 2783.2, TRbaldnnl, 1407, BELOW TRdoig_p
200/c-051-K 093-O-08/03, 4900, 5301, 4724, PRbelcrt, 1407, BELOW TRdoig_p
200/a-004-B 093-P-01/00, 449, 3212, 0, ABOVE Kchinook, 2556, Kfalher_e
200/a-004-B 093-P-01/02, 449, 3212, 0, ABOVE Kchinook, 2556, Kfalher_e
200/a-004-B 093-P-01/03, 449, 3212, 0, ABOVE Kchinook, 2556, Kfalher_e
200/a-004-B 093-P-01/04, 449, 3212, 0, ABOVE Kchinook, 2556, Kfalher_e
200/b-008-B 093-P-01/00, 456, 3327, 0, ABOVE Kpskwskau, 3318, Jfernie
200/b-008-B 093-P-01/02, 456, 3327, 0, ABOVE Kpskwskau, 3318, Jfernie
200/b-008-B 093-P-01/03, 456, 3327, 0, ABOVE Kpskwskau, 3318, Jfernie
200/a-062-B 093-P-01/02, 2200, 2363, 2108.6, Kbfs, 2348.2, Kcadotte
200/c-095-B 093-P-01/00, 2529, 3911, 2499.3, Kfalher_e, 3883, PRbelloy
200/d-034-E 093-P-01/00, 369, 2670, 0, ABOVE Kbadheart, 1407, BELOW TRdoig_p
200/b-042-E 093-P-01/00, 375, 2450, 0, ABOVE Kbadheart, 2435, Kfalher_c
200/b-053-E 093-P-01/00, 376, 2522, 0, ABOVE Kbadheart, 1407, BELOW TRdoig_p
200/d-058-E 093-P-01/00, 388, 2585, 0, ABOVE Kbadheart, 1407, BELOW TRdoig_p
200/a-036-G 093-P-01/00, 2056, 3655.5, 1994.6, Kbfs, 3617.8, TRmontney
200/b-092-G 093-P-01/00, 2356, 3477.5, 2247.3, Kfalher, 3446.5, TRdoig_ph
202/c-035-H 093-P-01/00, 2189.7, 3473, 0, ABOVE Kbluesky, 3462, TRmontney
200/c-057-I 093-P-01/00, 486, 2707, 0, ABOVE Kbadheart, 1407, BELOW TRdoig_p
200/c-057-I 093-P-01/02, 486, 2707, 0, ABOVE Kbadheart, 1407, BELOW TRdoig_p
200/c-003-J 093-P-01/00, 2050, 2725, 1900.6, Kbfs, 2689, Jnikanssn
200/c-004-J 093-P-01/00, 559.5, 3666, 0, ABOVE Kbadheart, 1407, BELOW TRdoig_p
200/c-014-J 093-P-01/00, 570, 3667.5, 0, ABOVE Kdoe_ck, 1407, BELOW TRdoig_p
200/d-023-J 093-P-01/00, 553, 3286, 0, ABOVE Kbadheart, 3277.2, TRartex
200/a-040-J 093-P-01/00, 556, 3707, 0, ABOVE Kdoe_ck, 1407, BELOW TRdoig_p
200/a-040-J 093-P-01/02, 556, 3707, 0, ABOVE Kdoe_ck, 1407, BELOW TRdoig_p
200/a-044-J 093-P-01/00, 535, 3630, 0, ABOVE Kcardium, 1407, BELOW TRdoig_p
200/c-048-J 093-P-01/00, 3047, 3651, 3025.4, TRchly_lk, 1407, BELOW TRdoig_p
200/d-064-J 093-P-01/00, -1, 3454.5, 0, ABOVE Kcardium, 1407, BELOW TRdoig_p
200/b-069-J 093-P-01/00, 3100, 3602, 2992, TRchly_lk, 3447, TRmontney
200/c-072-J 093-P-01/00, 320, 1961.7, 0, ABOVE Kchinook, 1925.1, Kpaddy
200/c-076-J 093-P-01/00, 432, 2870, 0, ABOVE Kchinook, 1407, BELOW TRdoig_p
200/c-076-J 093-P-01/02, 432, 2870, 0, ABOVE Kchinook, 1407, BELOW TRdoig_p
200/c-076-J 093-P-01/03, 432, 2870, 0, ABOVE Kchinook, 1407, BELOW TRdoig_p
200/c-076-J 093-P-01/04, 432, 2870, 0, ABOVE Kchinook, 1407, BELOW TRdoig_p
200/c-076-J 093-P-01/05, 432, 2870, 0, ABOVE Kchinook, 1407, BELOW TRdoig_p
200/c-076-J 093-P-01/06, 432, 2870, 0, ABOVE Kchinook, 1407, BELOW TRdoig_p
200/d-085-J 093-P-01/00, 394, 2024, 0, ABOVE Kbadheart, 2011.3, Kharmon
200/a-087-J 093-P-01/00, 324, 2080, 0, ABOVE Kbadheart, 2039.8, Knotikwn
200/a-037-K 093-P-01/00, 601, 3827, 0, ABOVE Kcard_ss, 3819, PRbelloy
200/b-075-D 093-P-02/03, 1955, 3527, 0, ABOVE Kgething, 1407, BELOW TRdoig_p
200/a-076-D 093-P-02/02, 831, 2177, 829, Kpaddy, 2167.3, Jnikanssn
200/b-057-E 093-P-02/00, 521, 3377, 0, ABOVE Kdunvegan, 1407, BELOW TRdoig_p
200/b-057-E 093-P-02/02, 521, 3377, 0, ABOVE Kdunvegan, 1407, BELOW TRdoig_p
200/b-057-E 093-P-02/03, 521, 3377, 0, ABOVE Kdunvegan, 1407, BELOW TRdoig_p
200/b-093-F 093-P-02/00, 606, 3315, 0, ABOVE Kdoe_ck, 1407, BELOW TRdoig_p
200/b-093-F 093-P-02/02, 606, 3315, 0, ABOVE Kdoe_ck, 1407, BELOW TRdoig_p
200/b-093-F 093-P-02/03, 606, 3315, 0, ABOVE Kdoe_ck, 1407, BELOW TRdoig_p
200/c-024-H 093-P-02/00, 372, 2662, 0, ABOVE Kcardium, 2591, Kwilrich
200/c-024-H 093-P-02/02, 372, 2662, 0, ABOVE Kcardium, 2591, Kwilrich
200/c-024-H 093-P-02/03, 372, 2662, 0, ABOVE Kcardium, 2591, Kwilrich
200/b-029-J 093-P-02/00, 622, 3230, 496, Kkaskapau, 1407, BELOW TRdoig_p
200/b-029-J 093-P-02/02, 622, 3230, 496, Kkaskapau, 1407, BELOW TRdoig_p
200/b-029-J 093-P-02/03, 622, 3230, 496, Kkaskapau, 1407, BELOW TRdoig_p
200/b-029-J 093-P-02/04, 622, 3230, 496, Kkaskapau, 1407, BELOW TRdoig_p
200/a-081-J 093-P-02/00, 609, 2979, 0, ABOVE Kdoe_ck, 1407, BELOW TRdoig_p
200/a-081-J 093-P-02/02, 609, 2979, 0, ABOVE Kdoe_ck, 1407, BELOW TRdoig_p
200/a-081-J 093-P-02/03, 609, 2979, 0, ABOVE Kdoe_ck, 1407, BELOW TRdoig_p
200/a-081-J 093-P-02/04, 609, 2979, 0, ABOVE Kdoe_ck, 1407, BELOW TRdoig_p
200/c-075-A 093-P-03/00, 609, 3634, 0, ABOVE Ksully, 1407, BELOW TRdoig_p
200/d-089-A 093-P-03/00, 1175.5, 3229, 1145, Kcadomin, 1407, BELOW TRdoig_p
200/c-089-B 093-P-03/00, 874, 2935, 464, Jnikanssn, 1407, BELOW TRdoig_p
200/b-089-C 093-P-03/00, 3227, 4963, 3098, TRbaldnnl, 1407, BELOW TRdoig_p
200/b-075-E 093-P-03/00, 4400, 4825, 4307.5, PRbelcrt, 1407, BELOW TRdoig_p
200/b-075-E 093-P-03/02, 4400, 4825, 4307.5, PRbelcrt, 1407, BELOW TRdoig_p
200/a-061-F 093-P-03/00, 8, 3407, 0, ABOVE Kpaddy, 1407, BELOW TRdoig_p
200/a-003-G 093-P-03/00, 1354, 3360, 1337.5, Kcadomin, 3051, TRchly_lk
200/a-003-G 093-P-03/02, 1354, 3360, 1337.5, Kcadomin, 3051, TRchly_lk
200/d-055-G 093-P-03/00, 609, 3580, 0, ABOVE Kpaddy, 3541.1, TRbaldnnl
200/a-089-J 093-P-03/00, 554, 3623, 0, ABOVE Kbfs, 2745.8, Jnikanssn
200/a-089-J 093-P-03/02, 554, 3623, 0, ABOVE Kbfs, 2745.8, Jnikanssn
200/a-089-J 093-P-03/03, 554, 3623, 0, ABOVE Kbfs, 2745.8, Jnikanssn
200/d-079-L 093-P-03/00, 3541, 5057.9, 3441.3, TRchly_lk, 1407, BELOW TRdoig_p
200/d-037-H 093-P-04/00, 1865, 3175, 0, ABOVE TRchly_lk_p, 1407, BELOW TRdoig_p
200/a-007-J 093-P-04/02, 2875, 3224.8, 2869, TRbaldnnl, 1407, BELOW TRdoig_p
200/a-079-J 093-P-04/00, 4600, 4755, 1407, BELOW TRdoig_p, 1407, BELOW TRdoig_p
200/c-059-A 093-P-05/00, 3520, 4820, 3404, TRchly_lk, 1407, BELOW TRdoig_p
200/a-033-B 093-P-05/02, -1, 4222.6, 0, ABOVE TRmontney, 3870, TRmontney
200/d-060-C 093-P-05/00, 10, 3316, 0, ABOVE Kcadomin, 3131.2, TRchly_lk
200/d-060-C 093-P-05/02, 10, 3316, 0, ABOVE Kcadomin, 3131.2, TRchly_lk
200/d-026-E 093-P-05/04, 3319, 4164, 3212, TRchly_lk, 3932, TRmontney
200/b-036-E 093-P-05/05, 3319, 4164, 3212, TRchly_lk, 3932, TRmontney
200/d-049-E 093-P-05/00, -1, 4441.1, 0, ABOVE Kmontth, 1407, BELOW TRdoig_p
200/a-054-K 093-P-05/04, 50, 3325, 0, ABOVE Kmoosebar, 3229.1, Jnordegg
200/c-004-B 093-P-07/00, 600, 3060, 0, ABOVE Kdoe_ck, 1407, BELOW TRdoig_p
200/c-004-B 093-P-07/02, 600, 3060, 0, ABOVE Kdoe_ck, 1407, BELOW TRdoig_p
200/c-004-B 093-P-07/03, 600, 3060, 0, ABOVE Kdoe_ck, 1407, BELOW TRdoig_p
200/c-079-B 093-P-07/02, 376.4, 2512.2, 0, ABOVE Kdoe_ck, 2497.8, Jnikanssn
200/d-063-E 093-P-07/00, 609, 3711, 0, ABOVE Kdunvegan, 3662, TRmontney
200/c-074-E 093-P-07/02, 3724.3, 4034, 0, ABOVE TRmontney_p, 1407, BELOW TRdoig_p
200/c-081-E 093-P-07/00, 608.5, 3675, 0, ABOVE Kcard_ss, 3635.4, TRmontney
200/a-045-F 093-P-07/00, 2235, 3065, 2140, Kwilrich, 3061, TRchly_lk
200/a-045-F 093-P-07/02, 2235, 3065, 2140, Kwilrich, 3061, TRchly_lk
200/a-045-F 093-P-07/03, 2235, 3065, 2140, Kwilrich, 3061, TRchly_lk
200/a-045-F 093-P-07/04, 2235, 3065, 2140, Kwilrich, 3061, TRchly_lk
200/d-085-G 093-P-07/00, 345, 2220.8, 0, ABOVE Kbadheart, 2197.5, Kfalher_d
200/c-088-G 093-P-07/00, 362, 2570, 0, ABOVE Kdoe_ck, 1407, BELOW TRdoig_p
200/b-015-H 093-P-07/00, 521.5, 2609, 511, Kkaskapau, 2255.1, Kwilrich
200/a-043-H 093-P-07/00, 3300, 3499.6, 3294.3, TRhalfway, 1407, BELOW TRdoig_p
200/b-075-H 093-P-07/00, 30, 1850, 0, ABOVE Kbadheart, 1844, Kharmon
200/c-012-I 093-P-07/00, 1640, 2447, 1540, Kbfs, 1407, BELOW TRdoig_p
200/c-012-I 093-P-07/02, 1640, 2447, 1540, Kbfs, 1407, BELOW TRdoig_p
200/c-036-I 093-P-07/00, 360, 2394, 0, ABOVE Kdoe_ck, 2376.5, Jnikanssn
200/c-036-I 093-P-07/02, 360, 2394, 0, ABOVE Kdoe_ck, 2376.5, Jnikanssn
200/b-099-I 093-P-07/00, 512, 3310, 0, ABOVE Kdoe_ck, 1407, BELOW TRdoig_p
200/b-099-I 093-P-07/02, 512, 3310, 0, ABOVE Kdoe_ck, 1407, BELOW TRdoig_p
200/d-032-J 093-P-07/00, 380, 2513, 0, ABOVE Kdoe_ck, 1407, BELOW TRdoig_p
200/d-032-J 093-P-07/02, 380, 2513, 0, ABOVE Kdoe_ck, 1407, BELOW TRdoig_p
200/c-041-J 093-P-07/00, 360, 2498, 0, ABOVE Kdoe_ck, 1407, BELOW TRdoig_p
200/c-046-J 093-P-07/00, 370, 2504, 0, ABOVE Kdoe_ck, 1407, BELOW TRdoig_p
200/c-089-A 093-P-08/00, 2020, 2334, 1796.5, Knotikwn, 1407, BELOW TRdoig_p
200/c-089-A 093-P-08/02, 2020, 2334, 1796.5, Knotikwn, 1407, BELOW TRdoig_p
200/c-089-A 093-P-08/03, 2020, 2334, 1796.5, Knotikwn, 1407, BELOW TRdoig_p
200/b-005-B 093-P-08/00, 390, 1981, 0, ABOVE Kbadheart, 1977.3, Kharmon
200/b-008-B 093-P-08/00, 312, 1923, 0, ABOVE Kbadheart, 1886.2, Kpaddy
200/b-015-B 093-P-08/00, 401, 2598.5, 0, ABOVE Kbadheart, 2511.5, Jnikanssn
200/b-066-B 093-P-08/00, 1730, 1897, 1538.1, Kbfs, 1407, BELOW TRdoig_p
200/d-056-C 093-P-08/00, 3390, 3619.1, 3379.8, TRmontney, 1407, BELOW TRdoig_p
200/d-056-C 093-P-08/02, 3390, 3619.1, 3379.8, TRmontney, 1407, BELOW TRdoig_p
202/d-051-D 093-P-08/00, 432.3, 2789, 0, ABOVE Kbadheart, 1407, BELOW TRdoig_p
202/d-051-D 093-P-08/02, 432.3, 2789, 0, ABOVE Kbadheart, 1407, BELOW TRdoig_p
200/d-052-D 093-P-08/00, 519, 3346, 506.5, Kcardium, 3304.5, TRdoig_ss
200/c-017-E 093-P-08/00, 427.4, 2794, 0, ABOVE Kbadheart, 2524.9, Jnikanssn
200/c-017-E 093-P-08/02, 427.4, 2794, 0, ABOVE Kbadheart, 2524.9, Jnikanssn
200/b-020-E 093-P-08/00, 537, 3463.6, 500.5, Kkaskapau, 1407, BELOW TRdoig_p
200/a-025-E 093-P-08/00, 429, 2769, 0, ABOVE Kcard_ss, 2497, Jnikanssn
200/a-025-E 093-P-08/02, 429, 2769, 0, ABOVE Kcard_ss, 2497, Jnikanssn
200/a-025-E 093-P-08/03, 429, 2769, 0, ABOVE Kcard_ss, 2498, Jnikanssn
200/b-032-E 093-P-08/00, 413, 2661.5, 378, Kcardium, 2413.1, Jnikanssn
200/b-032-E 093-P-08/02, 413, 2661.5, 378, Kcardium, 2413.1, Jnikanssn
200/a-097-E 093-P-08/00, 418, 2681, 388, Kcard_ss, 2660.3, Jfernie
200/a-097-E 093-P-08/02, 418, 2681, 388, Kcard_ss, 2660.3, Jfernie
200/c-097-E 093-P-08/00, 3050, 3300, 2944.8, TRcoplin, 1407, BELOW TRdoig_p
200/d-097-E 093-P-08/00, 417.6, 2682.5, 410, Kcard_ss, 2677, Jfernie
200/c-006-F 093-P-08/00, 410, 2657, 199, Kchinook, 2643.4, Jfernie
200/c-006-F 093-P-08/02, 410, 2657, 199, Kchinook, 2643.4, Jfernie
200/c-006-F 093-P-08/03, 410, 2657, 199, Kchinook, 2646, Jfernie
200/b-018-F 093-P-08/00, 410, 2692, 409.7, Kmuskiki, 1407, BELOW TRdoig_p
200/b-018-F 093-P-08/02, 410, 2692, 409.7, Kmuskiki, 1407, BELOW TRdoig_p
200/d-065-G 093-P-08/00, 2225, 3269, 2147, Kgething, 3054, TRmontney
200/d-075-G 093-P-08/00, 460.8, 3287.3, 444.5, Kcard_ss, 3274.8, PRbelloy
200/c-051-H 093-P-08/00, 366, 2258, 0, ABOVE Kcard_ss, 2175.7, Jnikanssn
200/b-074-I 093-P-08/00, 438, 2881, 0, ABOVE Kbfs, 1407, BELOW TRdoig_p
200/d-099-I 093-P-08/00, 1345, 1579.7, 1252.8, Kbfs, 1535, Knotikwn
200/d-099-I 093-P-08/02, 1345, 1579.7, 1252.8, Kbfs, 1535, Knotikwn
200/b-005-L 093-P-08/00, 33.3, 3338.1, 0, ABOVE Kbadheart, 1407, BELOW TRdoig_p
200/b-005-L 093-P-08/02, 33.3, 3338.1, 0, ABOVE Kbadheart, 1407, BELOW TRdoig_p
202/d-013-L 093-P-08/00, 485, 3091, 0, ABOVE Kdoe_ck, 3056, TRdoig_ph
200/c-036-L 093-P-08/00, 536.4, 2917.4, 0, ABOVE Kdoe_ck, 2850, TRdoig_ss
200/c-075-L 093-P-08/00, 3065.1, 3461.3, 3045, TRdoig_ph, 1407, BELOW TRdoig_p
200/b-006-A 093-P-09/00, 435, 2878.5, 0, ABOVE Kbfs, 1407, BELOW TRdoig_p
200/a-034-A 093-P-09/00, 434, 2749.4, 0, ABOVE Kdoe_ck, 1407, BELOW TRdoig_p
200/c-036-A 093-P-09/00, 1805, 1973, 0, ABOVE Kcadomin, 1973, Jfernie
200/a-063-A 093-P-09/00, 427.3, 2717.2, 0, ABOVE Kdoe_ck, 2426, TRmontney
200/b-077-A 093-P-09/00, 437, 2687, 0, ABOVE Kdoe_ck, 1407, BELOW TRdoig_p
200/d-011-B 093-P-09/00, 455.5, 3234, 0, ABOVE Kdoe_ck, 3230, Mgolata
200/d-011-B 093-P-09/02, 455.5, 3234, 0, ABOVE Kdoe_ck, 3230, Mgolata
200/d-011-B 093-P-09/03, 455.5, 3234, 0, ABOVE Kdoe_ck, 3230, Mgolata
200/d-011-B 093-P-09/04, 455.5, 3234, 0, ABOVE Kdoe_ck, 3230, Mgolata
200/d-011-B 093-P-09/05, 455.5, 3234, 0, ABOVE Kdoe_ck, 3230, Mgolata
200/c-051-B 093-P-09/00, 423, 2577, 0, ABOVE Kdoe_ck, 1407, BELOW TRdoig_p
200/d-068-B 093-P-09/00, 2400, 2870, 2215, TRchly_lk, 2585, TRmontney
200/a-096-B 093-P-09/00, 2300, 2842, 2248.6, TRcpln_uc, 1407, BELOW TRdoig_p
200/d-012-C 093-P-09/00, 466, 3083, 0, ABOVE Kdoe_ck, 3001, TRmontney
200/b-043-E 093-P-09/00, 470, 2962, 0, ABOVE Kbfs, 1407, BELOW TRdoig_p
200/c-013-F 093-P-09/00, 1600, 2592, 1405.5, Kfalher, 2459.5, TRhalfway
200/b-047-F 093-P-09/00, 454, 2969, 0, ABOVE Kdoe_ck, 2952.1, PRbelloy
200/d-044-G 093-P-09/00, 425, 2185, 103.7, Kkaskapau, 2175.7, TRnancy
202/a-001-H 093-P-09/00, 605, 2611.9, 0, ABOVE Jnordegg, 1407, BELOW TRdoig_p
200/c-003-H 093-P-09/00, 437, 2660, 0, ABOVE Kdoe_ck, 2642.5, PRbelloy
200/b-028-H 093-P-09/00, 1658, 2772.1, 1649.9, Kbluesky, 1407, BELOW TRdoig_p
200/a-040-H 093-P-09/00, 350, 2800, 96.5, Kkaskapau, 1407, BELOW TRdoig_p
200/a-040-H 093-P-09/02, 350, 2800, 96.5, Kkaskapau, 2756.8, PRbelloy
200/d-060-H 093-P-09/00, 188, 1220, 0, ABOVE Kdoe_ck, 1407, BELOW TRdoig_p
200/c-012-B 093-P-10/00, 348, 2182, 0, ABOVE Kdoe_ck, 2152, Kcadomin
200/c-022-B 093-P-10/00, 333, 2322, 0, ABOVE Kdoe_ck, 1407, BELOW TRdoig_p
200/c-022-B 093-P-10/02, 333, 2322, 0, ABOVE Kdoe_ck, 1407, BELOW TRdoig_p
200/c-028-B 093-P-10/00, 2925, 3202, 2847, TRbndrylk, 3201.4, TRdoig_ph
200/b-035-B 093-P-10/00, 486, 3153.5, 0, ABOVE Kdoe_ck, 3054, TRdoig_ss
200/b-037-B 093-P-10/00, 528.5, 3137, 0, ABOVE Kdoe_ck, 3097, TRdoig
200/d-051-B 093-P-10/00, 1900, 2315, 1757.9, Kfalher_e, 1407, BELOW TRdoig_p
200/b-063-B 093-P-10/00, 685, 3036.2, 0, ABOVE Kpaddy, 1407, BELOW TRdoig_p
200/b-012-C 093-P-10/00, 2020, 2343, 1915.7, Kfalher_e, 1407, BELOW TRdoig_p
200/b-012-C 093-P-10/02, 2020, 2343, 1915.7, Kfalher_e, 1407, BELOW TRdoig_p
200/c-080-C 093-P-10/00, 350, 2388, 0, ABOVE Kdoe_ck, 1407, BELOW TRdoig_p
202/b-094-C 093-P-10/00, 615, 2274, 565, Kdoe_ck, 1407, BELOW TRdoig_p
200/d-010-D 093-P-10/00, 368, 2460, 0, ABOVE Kdoe_ck, 1407, BELOW TRdoig_p
200/d-010-D 093-P-10/02, 368, 2460, 0, ABOVE Kdoe_ck, 1407, BELOW TRdoig_p
200/c-025-D 093-P-10/00, 2200, 2520, 2174.3, Kbluesky, 2387.1, Jnikanssn
200/d-041-D 093-P-10/00, 580, 3295, 570.8, Kkaskapau, 3275.4, TRdoig
200/a-048-E 093-P-10/00, 1870, 2317, 1731.2, Kfalher_e, 1407, BELOW TRdoig_p
200/a-048-E 093-P-10/02, 1870, 2317, 1731.2, Kfalher_e, 1407, BELOW TRdoig_p
200/d-022-F 093-P-10/00, 482, 3148, 0, ABOVE Kdoe_ck, 3049.3, TRdoig
200/a-031-F 093-P-10/00, 473, 3038.5, 0, ABOVE Kdoe_ck, 1407, BELOW TRdoig_p
200/a-036-F 093-P-10/00, 492, 3248, 0, ABOVE Kdoe_ck, 3161.5, TRdoig
200/a-036-F 093-P-10/02, 492, 3248, 0, ABOVE Kdoe_ck, 3161.5, TRdoig
200/a-087-A 093-P-12/00, 925, 3008, 0, ABOVE Kpaddy, 1407, BELOW TRdoig_p
200/a-087-A 093-P-12/02, 925, 3008, 0, ABOVE Kpaddy, 1407, BELOW TRdoig_p
200/a-087-A 093-P-12/03, 925, 3008, 0, ABOVE Kpaddy, 1407, BELOW TRdoig_p
200/a-087-A 093-P-12/04, 925, 3008, 0, ABOVE Kpaddy, 1407, BELOW TRdoig_p
200/a-087-A 093-P-12/05, 925, 3008, 0, ABOVE Kpaddy, 1407, BELOW TRdoig_p
200/a-087-A 093-P-12/06, 925, 3008, 0, ABOVE Kpaddy, 1407, BELOW TRdoig_p
200/b-080-C 093-P-12/00, 3100, 3766, 2370.3, Jnikanssn, 3747.7, TRchly_lk
200/c-050-D 094-A-04/00, 187, 900, 0, ABOVE Kmoosebar, 792, Kcadomin
200/a-100-D 094-A-04/00, 198, 841.5, 0, ABOVE Kmoosebar, 635, Kgething
200/a-100-D 094-A-04/02, 198, 841.5, 0, ABOVE Kmoosebar, 635, Kgething
200/b-049-D 094-A-05/00, 1538.8, 2660.1, 1533, Jnordegg, 1407, BELOW TRdoig_p
204/b-077-I 094-A-11/00, 222.3, 1382.3, 0, ABOVE Knotikwn, 1364, TRhlfw_L
200/a-087-I 094-A-11/00, 227, 1365.3, 0, ABOVE Knotikwn, 1362.5, TRdoig
200/a-087-I 094-A-11/02, 227, 1365.3, 0, ABOVE Knotikwn, 1362.5, TRdoig
200/d-048-J 094-A-11/00, 241, 1488, 0, ABOVE Kbfs, 1454.7, TRdoig
200/d-048-J 094-A-11/02, 241, 1488, 0, ABOVE Kbfs, 1454.7, TRdoig
200/d-048-J 094-A-11/03, 241, 1488, 0, ABOVE Kbfs, 1454.7, TRdoig
200/d-048-J 094-A-11/04, 241, 1488, 0, ABOVE Kbfs, 1454.7, TRdoig
200/d-048-J 094-A-11/05, 241, 1488, 0, ABOVE Kbfs, 1454.7, TRdoig
202/b-084-J 094-A-11/00, 3392, 3555, 3382.8, Dmuskeg, 1407, BELOW TRdoig_p
200/a-075-I 094-A-12/00, 274, 1765, 0, ABOVE Kbfs, 1737.5, TRmontney
200/b-075-I 094-A-12/00, 268, 1812, 0, ABOVE Kbluesky, 1407, BELOW TRdoig_p
200/d-095-I 094-A-12/00, 308, 1817, 0, ABOVE Kbluesky, 1407, BELOW TRdoig_p
200/d-095-I 094-A-12/02, 308, 1817, 0, ABOVE Kbluesky, 1407, BELOW TRdoig_p
200/b-057-K 094-A-12/00, 621, 1996.5, 0, ABOVE Kbluesky, 1407, BELOW TRdoig_p
200/b-025-L 094-A-12/00, 1035, 2065, 0, ABOVE Kbluesky, 1407, BELOW TRdoig_p
200/d-061-L 094-A-12/00, 1130, 2192.2, 0, ABOVE Kbluesky, 1407, BELOW TRdoig_p
200/d-005-A 094-A-13/00, 277.5, 1864, 0, ABOVE Kbluesky, 1407, BELOW TRdoig_p
202/c-016-A 094-A-13/00, 263, 1710.1, 0, ABOVE Kbluesky, 1693.6, TRmontney
200/b-026-A 094-A-13/00, 278, 1741.5, 0, ABOVE Kbfs, 1407, BELOW TRdoig_p
200/c-062-A 094-A-13/00, 265, 1750, 0, ABOVE Kbfs, 1710, TRmontney
200/d-028-B 094-A-13/00, 376.3, 1741.4, 0, ABOVE Kbluesky, 1686, TRdoig
200/d-028-B 094-A-13/02, 376.3, 1741.4, 0, ABOVE Kbluesky, 1686, TRdoig
200/a-055-D 094-A-13/00, 1600, 2025, 1493, TRcoplin, 1407, BELOW TRdoig_p
200/a-055-D 094-A-13/02, 1600, 2025, 1493, TRcoplin, 1407, BELOW TRdoig_p
202/c-063-D 094-A-13/00, 25, 2214, 0, ABOVE Ksikanni, 1407, BELOW TRdoig_p
202/b-018-E 094-A-13/00, 625, 1989, 0, ABOVE Kbluesky, 1407, BELOW TRdoig_p
200/a-072-F 094-A-13/00, 238, 1436, 0, ABOVE Kbluesky, 1402, TRbaldnnl
200/a-072-F 094-A-13/02, 238, 1436, 0, ABOVE Kbluesky, 1402, TRbaldnnl
200/d-048-G 094-A-13/00, 1244.5, 1359.2, 1244.5, Kbluesky, 1320.9, Jfernie
200/d-005-H 094-A-13/00, 527, 3432, 0, ABOVE Kbluesky, 3418, Dslave_pt
200/d-005-H 094-A-13/02, 527, 3432, 0, ABOVE Kbluesky, 3418, Dslave_pt
200/d-013-H 094-A-13/00, 2044, 3483, 2031, Melkton, 3482, Dmuskeg
200/a-021-H 094-A-13/00, 251.1, 1575.4, 0, ABOVE Kbfs, 1407, BELOW TRdoig_p
200/a-032-H 094-A-13/00, 1446, 1589, 1433, TRhalfway, 1407, BELOW TRdoig_p
200/a-052-H 094-A-13/00, 1490, 1620, 1280, TRchly_lk, 1407, BELOW TRdoig_p
200/a-058-H 094-A-13/00, 201, 1268, 0, ABOVE Kbluesky, 1240, Jfernie
200/a-062-H 094-A-13/00, 1542, 1623, 1522, TRdoig_ss, 1407, BELOW TRdoig_p
200/d-072-H 094-A-13/00, 1500, 1617, 1494.8, TR_b_an, 1407, BELOW TRdoig_p
200/d-072-H 094-A-13/02, 1500, 1617, 1494.8, TR_b_an, 1407, BELOW TRdoig_p
202/a-082-H 094-A-13/00, 1510, 1622, 1509, TRhalfway, 1407, BELOW TRdoig_p
200/a-021-I 094-A-13/00, 223, 1259.5, 0, ABOVE Kbfs, 1243.4, TRchly_lk
200/a-021-I 094-A-13/02, 223, 1259.5, 0, ABOVE Kbfs, 1243.4, TRchly_lk
200/a-021-I 094-A-13/03, 223, 1259.5, 0, ABOVE Kbfs, 1243.4, TRchly_lk
200/d-056-I 094-A-13/00, 1375, 2152.2, 1282.7, TRchly_lk, 1775.4, Mdebolt
200/d-056-I 094-A-13/02, 1375, 2152.2, 1282.7, TRchly_lk, 1775.4, Mdebolt
200/d-043-K 094-A-13/00, 454, 1936.5, 0, ABOVE Kbluesky, 1407, BELOW TRdoig_p
200/c-021-L 094-A-13/00, 1265, 2069, 0, ABOVE Kbluesky, 2053, Mdebolt
200/d-026-A 094-A-14/00, 209, 1379, 0, ABOVE Kshftbury, 1375.2, TRdoig
202/c-035-B 094-A-14/00, 179, 1126.1, 0, ABOVE Kshftbury, 1105.2, Kbluesky
202/c-035-B 094-A-14/02, 179, 1126.1, 0, ABOVE Kshftbury, 1105.2, Kbluesky
200/a-091-E 094-A-14/00, 224, 1350, 0, ABOVE Kshftbury, 1339.4, TRbndrylk
200/a-091-E 094-A-14/02, 224, 1350, 0, ABOVE Kshftbury, 1339.4, TRbndrylk
200/a-091-E 094-A-14/03, 224, 1350, 0, ABOVE Kshftbury, 1339.4, TRbndrylk
200/a-030-G 094-A-14/00, 195, 1245.7, 0, ABOVE Kshftbury, 1235.4, TRchly_lk
200/b-071-H 094-A-14/02, 504, 1300, 0, ABOVE Dmuskeg_p, 2043, Dkeg_rv_p
200/c-015-K 094-A-14/00, 237.9, 1489.1, 0, ABOVE Kshftbury, 1483.8, TRdoig_ph
200/c-015-K 094-A-14/02, 237.9, 1489.1, 0, ABOVE Kshftbury, 1483.8, TRdoig_ph
200/b-026-K 094-A-14/00, 210, 1337.7, 0, ABOVE Kshftbury, 1316.3, TRbndrylk
200/c-038-K 094-A-14/00, 200, 1318, 0, ABOVE Kshftbury, 1294.7, TRnancy
200/d-091-K 094-A-14/00, 1743, 3231, 1657.8, Mdebolt, 3227.5, Dsulp_pt
200/d-091-K 094-A-14/02, 1743, 3231, 1657.8, Mdebolt, 3227.5, Dsulp_pt
200/a-033-L 094-A-14/00, 238.5, 1532.3, 0, ABOVE Kshftbury, 1482.2, TRdoig
200/b-053-L 094-A-14/00, 258, 1289.9, 0, ABOVE Kshftbury, 1287.1, TRchly_lk
200/d-059-L 094-A-14/00, 210.3, 1328.5, 0, ABOVE Kshftbury, 1322.6, TRnancy
200/d-059-L 094-A-14/02, 210.3, 1328.5, 0, ABOVE Kshftbury, 1322.6, TRnancy
200/d-059-L 094-A-14/03, 210.3, 1328.5, 0, ABOVE Kshftbury, 1322.6, TRnancy
200/c-061-L 094-A-14/00, 1170, 1337.5, 963, Kspirit_r, 1326, TRbndrylk
200/c-061-L 094-A-14/02, 1170, 1337.5, 963, Kspirit_r, 1326, TRbndrylk
200/d-065-L 094-A-14/00, 224, 1290.7, 0, ABOVE Kshftbury, 1286.2, TRbaldnnl
200/b-077-L 094-A-14/00, 209, 1301.2, 0, ABOVE Kshftbury, 1275.1, TRbaldnnl
200/b-077-L 094-A-14/02, 209, 1301.2, 0, ABOVE Kshftbury, 1275.1, TRbaldnnl
200/c-033-B 094-A-15/00, 186.5, 1192.6, 0, ABOVE Kshftbury, 1184.7, TRbndrylk
200/b-088-E 094-A-15/00, 211, 1369, 0, ABOVE Knotikwn, 1368.5, TRmontney
200/d-021-G 094-A-15/00, 310.6, 1238.5, 0, ABOVE Kbluesky, 1220, TRdoig
200/b-058-K 094-A-15/00, 165, 1071, 0, ABOVE Knotikwn, 1407, BELOW TRdoig_p
200/d-052-L 094-A-15/00, 211, 1065.5, 0, ABOVE Kshftbury, 1017.3, Kgething
200/b-072-F 094-A-16/00, 225, 1051, 0, ABOVE Kshftbury, 1041, TRchly_lk
200/b-072-F 094-A-16/02, 225, 1051, 0, ABOVE Kshftbury, 1041, TRchly_lk
200/d-047-G 094-A-16/00, 153.5, 1187.7, 0, ABOVE Kshftbury, 1175, TRdoig_ph
200/d-047-G 094-A-16/02, 153.5, 1187.7, 0, ABOVE Kshftbury, 1175, TRdoig_ph
200/b-020-H 094-A-16/00, 157, 1207, 0, ABOVE Kshftbury, 1201.5, TRmontney
200/b-020-H 094-A-16/02, 157, 1207, 0, ABOVE Kshftbury, 1201.5, TRmontney
200/a-093-K 094-A-16/00, 2400, 3063.6, 2393, Djn_marie, 1407, BELOW TRdoig_p
200/a-093-K 094-A-16/02, 2400, 3063.6, 2393, Djn_marie, 1407, BELOW TRdoig_p
200/a-093-K 094-A-16/03, 2400, 3063.6, 2393, Djn_marie, 1407, BELOW TRdoig_p
200/a-093-K 094-A-16/04, 2400, 3063.6, 2393, Djn_marie, 1407, BELOW TRdoig_p
200/c-083-H 094-B-01/00, 199, 1019, 0, ABOVE Kharmon, 931, Kcadomin
200/c-083-H 094-B-01/02, 199, 1019, 0, ABOVE Kharmon, 931, Kcadomin
200/b-017-I 094-B-01/00, 593.8, 2688.2, 0, ABOVE Kbluesky, 2644.8, PRbelloy
203/a-078-I 094-B-01/00, -1, 2638.3, 0, ABOVE Kbluesky, 1407, BELOW TRdoig_p
200/a-094-I 094-B-01/00, 2824, 3311, 2716.6, PRbelloy, 1407, BELOW TRdoig_p
200/c-028-H 094-B-07/00, -1, 1590, 0, ABOVE Kmontth, 1538, Mkiskatnw
200/d-094-I 094-B-07/00, 604.6, 1694.1, 0, ABOVE Kbluesky, 1685.5, Jnordegg
200/d-049-F 094-B-08/00, 595, 1674, 0, ABOVE Kbluesky, 1542.5, Jfernie
200/d-049-F 094-B-08/02, 595, 1674, 0, ABOVE Kbluesky, 1542.5, Jfernie
200/c-065-F 094-B-08/00, 507.2, 1429.5, 0, ABOVE Kbluesky, 1313, Jfernie
200/c-016-G 094-B-08/00, 209, 1238, 0, ABOVE Kspirit_r, 1407, BELOW TRdoig_p
202/b-022-G 094-B-08/00, 261, 1694, 0, ABOVE Kbluesky, 1575.5, Jfernie
200/d-046-G 094-B-08/00, 2042, 2655.2, 1938, TRinga, 2329, TRmontney
200/d-054-G 094-B-08/00, 257.8, 1614.4, 0, ABOVE Kbluesky, 1511, Jfernie
200/c-060-G 094-B-08/00, 607.7, 1787.4, 0, ABOVE Kbluesky, 1685, Jfernie
202/c-003-H 094-B-08/00, 269, 1760, 0, ABOVE TRdoig_ph, 1498.1, Djn_marie_p
200/a-040-I 094-B-08/00, 1481.7, 2554.6, 1480.3, Jnordegg, 1407, BELOW TRdoig_p
200/c-057-I 094-B-08/00, 611, 1752, 0, ABOVE Kbluesky, 1716, TRinga
200/c-006-L 094-B-08/00, 609, 1642.9, 0, ABOVE Kbluesky, 1527, Jfernie
200/c-044-L 094-B-08/00, 1948, 2728, 1680, TRchly_lk, 1407, BELOW TRdoig_p
200/c-072-L 094-B-08/00, 38, 1643.2, 0, ABOVE Kbluesky, 1563.5, TRbaldnnl
200/c-029-A 094-B-09/00, 1627, 2189.3, 1568.2, TRchly_lk, 1407, BELOW TRdoig_p
200/c-037-B 094-B-09/00, 601, 1825.5, 0, ABOVE Kbluesky, 1801.2, TRinga
200/b-037-C 094-B-09/00, 257.8, 1512, 0, ABOVE Kbluesky, 1475, TRchly_lk
200/b-037-C 094-B-09/02, 257.8, 1512, 0, ABOVE Kbluesky, 1475, TRchly_lk
200/c-095-D 094-B-09/00, 236.6, 1108.3, 0, ABOVE Kbluesky, 1062.7, Jnikanssn
200/c-095-D 094-B-09/02, 236.6, 1108.3, 0, ABOVE Kbluesky, 1062.7, Jnikanssn
200/c-095-D 094-B-09/03, 236.6, 1108.3, 0, ABOVE Kbluesky, 1062.7, Jnikanssn
200/b-041-E 094-B-09/00, 1100, 2028.4, 0, ABOVE Kbluesky, 2015.7, TR_A_ls_B
200/c-041-F 094-B-09/00, 1700, 4390.4, 1697.7, TRbndrylk, 1407, BELOW TRdoig_p
200/a-057-F 094-B-09/00, 1298, 1841, 0, ABOVE Kbluesky, 1806, TRbaldnnl
200/a-057-F 094-B-09/02, 1860, 2714.5, 0, ABOVE TRchly_lk, 2709.1, PRbelloy
200/d-002-G 094-B-09/00, 1748.5, 2259.4, 1584, TRcpln_uc, 2257.9, PRbelloy
200/c-023-G 094-B-09/00, 1698, 4036.9, 1584.6, TRcpln_uc, 1407, BELOW TRdoig_p
200/c-029-G 094-B-09/00, 1800.4, 2451.6, 1733.6, TRcpln_uc, 2441.8, PRbelloy
200/c-052-G 094-B-09/00, 301.7, 1644.7, 0, ABOVE Kspirit_r, 1587.4, TRchly_lk
200/c-052-G 094-B-09/02, 301.7, 1644.7, 0, ABOVE Kspirit_r, 1587.4, TRchly_lk
200/c-052-G 094-B-09/03, 301.7, 1644.7, 0, ABOVE Kspirit_r, 1587.4, TRchly_lk
200/c-052-G 094-B-09/04, 301.7, 1644.7, 0, ABOVE Kspirit_r, 1587.4, TRchly_lk
200/d-066-G 094-B-09/00, 1380, 1877.4, 1378, TRpardont, 1811, TRdoig
200/d-066-G 094-B-09/02, 1380, 1877.4, 1378, TRpardont, 1811, TRdoig
200/d-066-G 094-B-09/03, 1380, 1877.4, 1378, TRpardont, 1811, TRdoig
200/c-074-G 094-B-09/00, 1400, 2204, 1399, TRchly_lk, 2192.9, PRbelloy
200/d-067-H 094-B-09/00, 1730, 2127.3, 1523.9, TRbndrylk, 1407, BELOW TRdoig_p
200/a-066-I 094-B-09/00, 294, 1773.9, 0, ABOVE Kbluesky, 1749.1, TRdoig
200/a-010-J 094-B-09/00, 260, 2405, 0, ABOVE Kbluesky, 1407, BELOW TRdoig_p
200/c-075-J 094-B-09/00, 330.7, 2128.3, 0, ABOVE Kbluesky, 1866.8, TRdoig
200/d-083-J 094-B-09/00, 420, 1774.8, 0, ABOVE Kbluesky, 1407, BELOW TRdoig_p
200/d-083-J 094-B-09/02, 420, 1774.8, 0, ABOVE Kbluesky, 1407, BELOW TRdoig_p
200/d-083-J 094-B-09/03, 420, 1774.8, 0, ABOVE Kbluesky, 1407, BELOW TRdoig_p
200/d-083-J 094-B-09/04, 420, 1774.8, 0, ABOVE Kbluesky, 1407, BELOW TRdoig_p
200/d-083-J 094-B-09/05, 420, 1774.8, 0, ABOVE Kbluesky, 1407, BELOW TRdoig_p
200/d-083-J 094-B-09/06, 420, 1774.8, 0, ABOVE Kbluesky, 1407, BELOW TRdoig_p
200/d-087-J 094-B-09/00, 225, 1554.7, 0, ABOVE Kbluesky, 1407, BELOW TRdoig_p
200/a-024-K 094-B-09/00, 1140, 1412, 417.8, Kbuck_hrs, 1402, Kcadomin
200/c-064-F 094-B-10/02, 3199, 3873.1, 0, ABOVE Mdebolt_p, 1407, BELOW TRdoig_p
200/a-074-F 094-B-10/00, 2501, 3203, 2265.9, TRmontney, 1407, BELOW TRdoig_p
200/a-051-H 094-B-10/00, 1949, 2160, 1818.5, TRhalfway, 1970.5, TRdoig
200/a-051-H 094-B-10/02, 1949, 2160, 1818.5, TRhalfway, 1970.5, TRdoig
200/c-043-C 094-B-15/00, 402, 2735.5, 0, ABOVE Kgething, 1407, BELOW TRdoig_p
200/a-048-J 094-B-15/00, 399, 1378, 0, ABOVE Kbluesky, 1341, TRchly_lk
200/a-067-A 094-B-16/00, 503, 2214.6, 0, ABOVE Kbluesky, 2176.5, Mdebolt
202/d-099-A 094-B-16/00, 13.3, 4209.9, 0, ABOVE Kbuck_hrs, 1407, BELOW TRdoig_p
200/b-086-C 094-B-16/00, 1100, 1414.5, 508.2, Kbfs, 1399.5, Jfernie
200/b-086-C 094-B-16/02, 1100, 1414.5, 508.2, Kbfs, 1399.5, Jfernie
200/d-008-F 094-B-16/00, 600, 2372.7, 0, ABOVE Kbluesky, 2090, TRmontney
200/c-025-F 094-B-16/00, 598.3, 2244, 0, ABOVE Kbluesky, 1407, BELOW TRdoig_p
200/c-029-F 094-B-16/00, 249.4, 1613.4, 0, ABOVE Kbfs, 1600, Jfernie
200/c-029-F 094-B-16/02, 249.4, 1613.4, 0, ABOVE Kbfs, 1600, Jfernie
200/d-083-F 094-B-16/00, 1850, 2167, 1842, TRhalfway, 1407, BELOW TRdoig_p
200/c-100-F 094-B-16/00, 256.7, 1535.6, 0, ABOVE Kbluesky, 1504, Jfernie
200/c-100-F 094-B-16/02, 256.7, 1535.6, 0, ABOVE Kbluesky, 1504, Jfernie
200/c-029-G 094-B-16/00, 1950, 2264.9, 1905, TRhalfway, 1407, BELOW TRdoig_p
200/d-057-G 094-B-16/00, 343, 1491, 330, Kdunvegan, 1478, Jnordegg
200/d-066-I 094-B-16/02, 655, 1940.1, 0, ABOVE TRmontney, 1903.8, TRmontney
200/c-087-I 094-B-16/00, 25, 597, 0, ABOVE Ksikanni, 591.9, Kbuck_hrs
200/d-081-J 094-B-16/00, 266, 1690, 0, ABOVE Kbluesky, 1673, TRdoig
200/d-081-J 094-B-16/02, 266, 1690, 0, ABOVE Kbluesky, 1673, TRdoig
200/d-001-K 094-B-16/00, 599, 2062, 0, ABOVE Kbluesky, 1407, BELOW TRdoig_p
200/c-026-K 094-B-16/00, 709.8, 2122, 0, ABOVE Kbluesky, 1407, BELOW TRdoig_p
200/a-037-K 094-B-16/00, 258, 1647, 0, ABOVE Kbuck_hrs, 1562.5, Jnordegg
200/b-010-A 094-G-01/00, 291, 1815, 0, ABOVE Kbuck_hrs, 1794, TRdoig
200/b-043-A 094-G-01/00, 1000, 1364.5, 492, Kbuck_hrs, 1352.1, TRbaldnnl
200/a-096-A 094-G-01/00, 415.5, 1929.2, 0, ABOVE Kbuck_hrs, 1817.8, TRmontney
200/d-046-C 094-G-01/00, 315, 1865, 0, ABOVE Kbuck_hrs, 1818.2, TRdoig
200/d-046-C 094-G-01/02, 315, 1865, 0, ABOVE Kbuck_hrs, 1818.2, TRdoig
202/c-053-F 094-G-01/00, 236.5, 1344.5, 0, ABOVE Ksikanni, 1332.2, TRbaldnnl
202/c-053-F 094-G-01/02, 236.5, 1344.5, 0, ABOVE Ksikanni, 1332.2, TRbaldnnl
200/b-074-F 094-G-01/00, 370, 1715, 0, ABOVE Kbluesky, 1407, BELOW TRdoig_p
200/b-074-F 094-G-01/02, 370, 1715, 0, ABOVE Kbluesky, 1407, BELOW TRdoig_p
200/c-085-F 094-G-01/00, 275, 1760, 0, ABOVE Kbluesky, 1407, BELOW TRdoig_p
200/c-085-F 094-G-01/02, 275, 1760, 0, ABOVE Kbluesky, 1407, BELOW TRdoig_p
200/a-048-G 094-G-01/00, 1250, 1666.4, 0, ABOVE Kbluesky, 1649, TRdoig
200/a-048-G 094-G-01/02, 1250, 1666.4, 0, ABOVE Kbluesky, 1649, TRdoig
200/b-051-G 094-G-01/00, 544, 2079.8, 543.5, Kbuck_hrs, 1807, TRmontney
200/b-004-H 094-G-01/00, 581, 1915, 0, ABOVE Kbuck_hrs, 1724.1, TRdoig_ph
200/a-020-H 094-G-01/00, 584, 2197.3, 0, ABOVE Kbuck_hrs, 1407, BELOW TRdoig_p
200/a-043-I 094-G-01/00, 205, 1370, 0, ABOVE Kbuck_hrs, 1354, Kdunlevy
200/a-055-J 094-G-01/00, 341.7, 1700, 0, ABOVE Ksully, 1671.8, TRdoig
200/a-055-J 094-G-01/02, 341.7, 1700, 0, ABOVE Ksully, 1671.8, TRdoig
200/d-050-L 094-G-01/00, 20, 1825, 0, ABOVE Kbluesky, 1407, BELOW TRdoig_p
200/d-050-L 094-G-01/02, 20, 1825, 0, ABOVE Kbluesky, 1407, BELOW TRdoig_p
200/c-066-A 094-G-02/00, 401, 2091, 0, ABOVE Kgething, 2028, TRdoig
200/d-044-H 094-G-02/00, 264, 1567, 0, ABOVE Kbluesky, 1545, TRchly_lk
200/d-044-H 094-G-02/02, 264, 1567, 0, ABOVE Kbluesky, 1545, TRchly_lk
200/b-053-H 094-G-02/00, 1420, 1705, 0, ABOVE Kbluesky, 1667, TRchly_lk
200/b-053-H 094-G-02/02, 1420, 1705, 0, ABOVE Kbluesky, 1667, TRchly_lk
200/a-041-I 094-G-02/00, 3485, 3691, 3454.5, Dbvrhl_lk, 3639, Dmuskeg
200/a-041-I 094-G-02/02, 3485, 3691, 3463, Dbvrhl_lk, 1407, BELOW TRdoig_p
200/d-028-J 094-G-02/00, 347.3, 2284.8, 0, ABOVE Kbluesky, 1974.7, TRmontney
200/c-001-K 094-G-02/00, 254, 1563, 0, ABOVE Kbluesky, 1407, BELOW TRdoig_p
200/a-032-K 094-G-02/00, 1446, 1521, 1435, TRpardont, 1494.5, TRchly_lk
200/c-032-B 094-G-06/00, 400, 2552, 372.4, TRmontney, 1407, BELOW TRdoig_p
200/c-022-B 094-G-07/00, 616, 2076, 0, ABOVE Kbluesky, 2054, Mmt_head
200/a-045-B 094-G-07/00, 398, 2165, 0, ABOVE Kbluesky, 1407, BELOW TRdoig_p
200/d-098-B 094-G-07/00, 299.5, 2017.3, 0, ABOVE Kbluesky, 1407, BELOW TRdoig_p
200/a-026-I 094-G-07/00, 1323, 3538, 1244.7, TRchly_lk, 1407, BELOW TRdoig_p
200/d-006-J 094-G-07/00, 3400, 3655, 3326.3, Dslave_pt, 1407, BELOW TRdoig_p
200/b-031-A 094-G-08/02, 21, 1422.2, 0, ABOVE Kspirit_r, 1407, BELOW TRdoig_p
200/d-059-A 094-G-08/00, 1260, 1590, 985.5, Kspirit_r, 1567, TRhalfway
200/a-065-A 094-G-08/00, 214, 1357, 0, ABOVE Kspirit_r, 1356, Jnor&TRbl
202/d-069-A 094-G-08/00, 622, 3266.5, 0, ABOVE Kspirit_r, 3226.5, Dbvrhl_lk
202/d-069-A 094-G-08/02, 2923, 3548.5, 0, ABOVE Dmuskwa, 1407, BELOW TRdoig_p
200/c-074-A 094-G-08/00, 234, 1387.5, 0, ABOVE Kbluesky, 1407, BELOW TRdoig_p
200/c-079-A 094-G-08/00, 1250, 1518.5, 570.3, Kbuck_hrs, 1488.3, TRhalfway
200/c-079-A 094-G-08/02, 1250, 1518.5, 570.3, Kbuck_hrs, 1488.3, TRhalfway
200/d-005-B 094-G-08/02, 300, 1963.1, 0, ABOVE Kshftbury, 1941.5, PRbelloy
200/d-005-B 094-G-08/03, 300, 1963.1, 0, ABOVE Kshftbury, 1941.5, PRbelloy
200/d-005-B 094-G-08/04, 300, 1963.1, 0, ABOVE Kshftbury, 1941.5, PRbelloy
200/b-020-B 094-G-08/00, 1921.5, 3494.2, 1878.2, Mdebolt, 3485.1, Dmuskeg
200/b-020-B 094-G-08/02, 1921.5, 3494.2, 1878.2, Mdebolt, 3485.1, Dmuskeg
200/a-024-B 094-G-08/03, 610, 3425, 0, ABOVE Kspirit_r, 3424, Dsulp_pt
200/c-073-B 094-G-08/00, 263.8, 1652.2, 0, ABOVE Kbluesky, 1407, BELOW TRdoig_p
200/a-063-C 094-G-08/00, -1, 1671, 0, ABOVE Ksikanni, 1407, BELOW TRdoig_p
200/a-063-C 094-G-08/02, -1, 1671, 0, ABOVE Ksikanni, 1407, BELOW TRdoig_p
200/a-085-C 094-G-08/00, 249.2, 1612, 0, ABOVE Ksikanni, 1555.4, TRhalfway
200/a-085-C 094-G-08/02, 249.2, 1612, 0, ABOVE Ksikanni, 1555.4, TRhalfway
200/a-009-D 094-G-08/00, 3550.5, 3750.5, 3533.3, Dbvrhl_lk, 1407, BELOW TRdoig_p
200/a-061-E 094-G-08/00, 1348.2, 1428.6, 0, ABOVE Kbluesky, 1412, TRchly_lk
202/b-011-F 094-G-08/00, 278, 1571, 0, ABOVE Kbluesky, 1407, BELOW TRdoig_p
200/b-012-F 094-G-08/00, 1350, 1495, 643.4, Kbuck_hrs, 1480.1, TRchly_lk
200/d-041-F 094-G-08/02, 521, 3233, 0, ABOVE Kbluesky, 3225.3, Dotterprk
200/c-062-F 094-G-08/00, 258.5, 1500.5, 0, ABOVE Kbluesky, 1407, BELOW TRdoig_p
200/c-062-F 094-G-08/02, 258.5, 1500.5, 0, ABOVE Kbluesky, 1407, BELOW TRdoig_p
202/a-077-F 094-G-08/00, 50, 3283, 0, ABOVE Kbfs, 3185, Dslave_pt
202/b-094-F 094-G-08/00, 209, 1309, 0, ABOVE Ksikanni, 1407, BELOW TRdoig_p
200/d-010-G 094-G-08/00, 40, 1505, 0, ABOVE Kbluesky, 1492, TRchly_lk
200/c-034-G 094-G-08/00, 266, 1766, 0, ABOVE Kbluesky, 1407, BELOW TRdoig_p
200/a-077-G 094-G-08/00, 3209, 3379.5, 3184.5, Dbvrhl_lk, 1407, BELOW TRdoig_p
202/c-081-G 094-G-08/00, 1419.9, 1923.9, 1383, Kgething, 1407, BELOW TRdoig_p
200/c-024-I 094-G-08/00, 220.8, 1295, 0, ABOVE Kbluesky, 1281, TRchly_lk
200/d-027-K 094-G-08/00, 480.1, 1874.4, 0, ABOVE Kbluesky, 1407, BELOW TRdoig_p
200/a-057-K 094-G-08/00, 1370, 1533, 1348, TRchly_lk, 1511.5, TRdoig
200/a-022-L 094-G-08/04, 240, 1371.5, 0, ABOVE Kbluesky, 2485.8, Dmuskwa_p
200/d-089-H 094-G-09/00, 174, 1247, 0, ABOVE Kbluesky, 1407, BELOW TRdoig_p
200/b-073-J 094-G-09/00, 197, 1387, 0, ABOVE TRchly_lk, 1407, BELOW TRdoig_p
200/a-085-A 094-G-10/00, -1, 1624.8, 0, ABOVE Kbluesky, 1573.8, TRdoig
200/a-085-A 094-G-10/02, -1, 1624.8, 0, ABOVE Kbluesky, 1573.8, TRdoig
200/a-098-B 094-G-10/00, 500, 2067, 0, ABOVE Kbluesky, 1407, BELOW TRdoig_p
200/a-098-B 094-G-10/02, 500, 2067, 0, ABOVE Kbluesky, 1407, BELOW TRdoig_p
200/a-005-C 094-G-10/00, 305, 2080, 0, ABOVE Kbluesky, 2069, PRbelloy
200/d-051-C 094-G-10/00, 374.5, 2179, 0, ABOVE Kbluesky, 2166, PRbelloy
200/b-059-C 094-G-10/00, 305.9, 1928.5, 0, ABOVE Jnordegg, 1919.5, Mdebolt
200/c-022-I 094-G-10/00, 120, 1167, 0, ABOVE Kbuck_hrs, 1145.2, TRdoig
200/c-023-I 094-G-10/00, 175, 1120, 0, ABOVE Kbuck_hrs, 1102.2, TRdoig
200/c-025-I 094-G-10/00, 255, 1830, 0, ABOVE Kbuck_hrs, 1407, BELOW TRdoig_p
200/c-025-I 094-G-10/02, 255, 1830, 0, ABOVE Kbuck_hrs, 1407, BELOW TRdoig_p
200/c-025-I 094-G-10/03, 255, 1830, 0, ABOVE Kbuck_hrs, 1407, BELOW TRdoig_p
200/c-025-I 094-G-10/04, 255, 1830, 0, ABOVE Kbuck_hrs, 1407, BELOW TRdoig_p
200/a-045-I 094-G-10/00, 237, 1446, 0, ABOVE TRchly_lk, 1385.9, Mdebolt
200/a-045-I 094-G-10/02, 237, 1446, 0, ABOVE TRchly_lk, 1385.9, Mdebolt
200/c-053-I 094-G-10/00, 187, 1064.7, 0, ABOVE Kbuck_hrs, 1042, TRdoig
200/a-075-I 094-G-10/00, 169.5, 1100, 0, ABOVE Kbougie, 1097, TRdoig
200/a-061-H 094-G-14/00, 602, 1408, 0, ABOVE TRhalfway, 1301, Mdebolt
200/a-061-H 094-G-14/02, 602, 1408, 0, ABOVE TRhalfway, 1301, Mdebolt
200/a-061-H 094-G-14/03, 602, 1408, 0, ABOVE TRhalfway, 1301, Mdebolt
200/b-003-A 094-G-15/00, 184.3, 1131.8, 0, ABOVE Kbuck_hrs, 1118, TRdoig
200/b-003-A 094-G-15/02, 184.3, 1131.8, 0, ABOVE Kbuck_hrs, 1118, TRdoig
200/d-062-B 094-G-15/00, 300, 1610, 0, ABOVE Kshftbury, 1465, TRmontney
200/b-047-A 094-H-01/00, 174, 1110, 0, ABOVE Kshftbury, 1075.4, TRmontney
200/b-047-A 094-H-01/02, 174, 1110, 0, ABOVE Kshftbury, 1075.4, TRmontney
200/d-057-A 094-H-01/00, 224.8, 1463.1, 0, ABOVE Kshftbury, 1436, Melkton
200/b-079-A 094-H-01/00, 181, 1195, 0, ABOVE Kbfs, 1074.5, TRmontney
200/b-079-A 094-H-01/02, 181, 1195, 0, ABOVE Kbfs, 1074.5, TRmontney
200/a-080-E 094-H-01/00, 1132.8, 1132.8, 1100.8, TRmontney, 1100.8, TRmontney
200/a-080-E 094-H-01/02, 1132.8, 1132.8, 1100.8, TRmontney, 1100.8, TRmontney
200/d-022-G 094-H-01/00, 2788, 2826, 2689.8, Dbvrhl_lk, 2799.2, Dslave_pt
200/c-026-G 094-H-01/00, 163, 1053.8, 0, ABOVE Kshftbury, 1052.3, TRhalfway
200/c-026-G 094-H-01/02, 163, 1053.8, 0, ABOVE Kshftbury, 1052.3, TRhalfway
200/d-042-G 094-H-01/00, 2600, 2860, 2326.7, Dft_smpsn, 2821.2, Dslave_pt
200/d-046-G 094-H-01/00, 2602, 2828.6, 2313.9, Dft_smpsn, 2807.5, Dslave_pt
200/a-081-G 094-H-01/00, 21, 2814, 0, ABOVE Kbfs, 2768.7, Dslave_pt
200/c-005-H 094-H-01/00, 2550, 2850.3, 2282, Dft_smpsn, 1407, BELOW TRdoig_p
200/c-005-H 094-H-01/02, 2550, 2850.3, 2282, Dft_smpsn, 1407, BELOW TRdoig_p
200/d-008-H 094-H-01/00, 2790, 2811, 2683.7, Dbvrhl_lk, 2794.2, Dslave_pt
200/c-014-H 094-H-01/00, 2763, 2818.5, 2656.8, Dbvrhl_lk, 2764.6, Dslave_pt
200/b-023-H 094-H-01/00, 454.5, 2837, 0, ABOVE Kbfs, 1407, BELOW TRdoig_p
200/d-029-H 094-H-01/00, 2774, 2832.6, 2675.1, Dbvrhl_lk, 2782.6, Dslave_pt
202/d-083-H 094-H-01/00, 930, 1150, 745, Knotikwn, 1407, BELOW TRdoig_p
200/c-007-J 094-H-01/02, 2650, 2854, 2290, Dft_smpsn, 2845, Dftvermln
200/a-011-K 094-H-01/00, 925, 1525, 765.3, Knotikwn, 1483, Mshunda
200/a-011-K 094-H-01/02, 925, 1525, 765.3, Knotikwn, 1483, Mshunda
200/a-011-K 094-H-01/03, 925, 1525, 765.3, Knotikwn, 1483, Mshunda
200/d-038-K 094-H-01/00, 2819, 2872, 2818, Dslave_pt, 2818, Dslave_pt
200/d-091-J 094-H-02/00, 225, 1441.1, 0, ABOVE Kshftbury, 1364.3, Mdebolt
200/d-091-J 094-H-02/02, 225, 1441.1, 0, ABOVE Kshftbury, 1364.3, Mdebolt
200/d-091-J 094-H-02/03, 225, 1441.1, 0, ABOVE Kshftbury, 1364.3, Mdebolt
200/d-085-K 094-H-02/00, 253, 1196, 0, ABOVE Kshftbury, 1407, BELOW TRdoig_p
200/d-020-D 094-H-03/00, 1399.2, 1771.5, 1269, TRchly_lk, 1768, PRbelloy
200/b-046-G 094-H-03/00, 198, 1280.8, 0, ABOVE Kbfs, 1261.1, TRdoig
200/b-046-G 094-H-03/02, 198, 1280.8, 0, ABOVE Kbfs, 1261.1, TRdoig
200/b-046-G 094-H-03/03, 198, 1280.8, 0, ABOVE Kbfs, 1261.1, TRdoig
200/c-041-H 094-H-03/00, 159, 1129, 0, ABOVE Kshftbury, 1407, BELOW TRdoig_p
200/c-041-H 094-H-03/02, 159, 1129, 0, ABOVE Kshftbury, 1407, BELOW TRdoig_p
200/c-041-H 094-H-03/03, 159, 1129, 0, ABOVE Kshftbury, 1407, BELOW TRdoig_p
200/c-083-A 094-H-04/00, 3177, 3373, 3164.8, Dbvrhl_lk, 3355.2, Dmuskeg
200/a-020-C 094-H-04/00, 1230, 1807, 0, ABOVE Kbluesky, 1407, BELOW TRdoig_p
200/b-097-C 094-H-04/00, 205, 1338.2, 0, ABOVE Kbluesky, 1306, Kgeth_L
200/b-012-D 094-H-04/00, 226.5, 1425.1, 0, ABOVE Ksully, 1402.5, TRbaldnnl
200/d-062-G 094-H-04/00, 452.8, 1746.3, 0, ABOVE Kbluesky, 1501, TRmontney
200/d-078-G 094-H-04/00, 299, 1490, 0, ABOVE Kbfs, 1489, TRhalfway
200/d-097-H 094-H-04/00, 590, 1700, 0, ABOVE Kbluesky, 1692.1, PRbelloy
200/d-049-D 094-H-05/03, 1595, 1941, 1592.5, TRdoig_ph, 1882.2, Mdebolt
200/d-046-H 094-H-05/00, 900, 1305, 543.6, Kbfs, 1301.2, TRchly_lk
200/a-067-H 094-H-05/00, 178, 1303, 0, ABOVE Kdunvegan, 1272, TRchly_lk
200/a-067-H 094-H-05/02, 178, 1303, 0, ABOVE Kdunvegan, 1272, TRchly_lk
200/b-085-H 094-H-05/00, 830, 1331, 556.9, Kbfs, 1306.5, TRchly_lk
200/c-091-H 094-H-05/00, 1225, 1395, 0, ABOVE Kbluesky, 1385.6, TRdoig
200/a-017-J 094-H-05/00, -1, 1330.4, 0, ABOVE Kwilrich, 1318, TRchly_lk
200/a-055-J 094-H-05/00, 173, 1324.2, 0, ABOVE Kshftbury, 1309, TRchly_lk
200/d-095-J 094-H-05/00, 181, 1230.6, 0, ABOVE Kshftbury, 1209.5, TRchly_lk
200/b-066-C 094-H-06/00, 500.4, 2921, 0, ABOVE Kbluesky, 2895.2, Dbvrhl_lk
200/c-073-D 094-H-06/00, 195, 1188.7, 0, ABOVE Kshftbury, 1178, TRchly_lk
200/b-084-E 094-H-06/00, 1462.2, 2862, 1345.7, TRmontney, 2513.1, Dft_smpsn
200/a-094-I 094-H-06/00, 175.5, 1133.5, 0, ABOVE Kbfs, 1123.2, TRchly_lk
200/a-094-I 094-H-06/02, 175.5, 1133.5, 0, ABOVE Kbfs, 1123.2, TRchly_lk
200/b-013-L 094-H-06/00, 750, 1277, 467.2, Kbfs, 1254.3, TRdoig
200/d-063-C 094-H-07/00, 249, 1441.4, 0, ABOVE Kbluesky, 1407, BELOW TRdoig_p
200/d-063-C 094-H-07/02, 249, 1441.4, 0, ABOVE Kbluesky, 1407, BELOW TRdoig_p
200/b-058-E 094-H-07/00, 501, 2940, 0, ABOVE Kbfs, 2926, Dslave_pt
200/b-058-E 094-H-07/02, 501, 2940, 0, ABOVE Kbfs, 2926, Dslave_pt
200/b-058-E 094-H-07/03, 501, 2940, 0, ABOVE Kbfs, 2926, Dslave_pt
200/b-058-E 094-H-07/04, 501, 2940, 0, ABOVE Kbfs, 2926, Dslave_pt
200/b-058-E 094-H-07/05, 501, 2940, 0, ABOVE Kbfs, 2926, Dslave_pt
200/c-093-E 094-H-07/00, 198, 1253, 0, ABOVE Kshftbury, 1236.9, TRdoig_ph
200/c-093-E 094-H-07/02, 198, 1253, 0, ABOVE Kshftbury, 1236.9, TRdoig_ph
200/b-071-H 094-H-07/02, 2005.7, 3021.6, 0, ABOVE Dredknife, 1407, BELOW TRdoig_p
200/b-044-A 094-H-08/00, 159.2, 1018, 0, ABOVE Kshftbury, 978.6, TRmontney
200/d-067-F 094-H-08/00, 175, 1300.7, 0, ABOVE Kspirit_r, 1110, TRmontney
200/a-031-D 094-H-09/00, 465, 2752, 0, ABOVE Kbluesky, 2732, Dwatt_mtn
200/a-056-J 094-H-09/00, 30, 944.3, 0, ABOVE Kshftbury, 877.5, TRmontney
200/d-072-J 094-H-09/00, 25, 919.5, 0, ABOVE Kshftbury, 888.5, TRmontney
200/b-078-J 094-H-09/00, 25, 930, 0, ABOVE Kbluesky, 904, TRmontney
200/d-008-K 094-H-09/00, 25, 931, 0, ABOVE Kbluesky, 875, TRmontney
200/a-034-K 094-H-09/00, 151.8, 876, 0, ABOVE Kbfs, 832.9, TRmontney
200/d-040-K 094-H-09/00, 151, 973.5, 0, ABOVE Kbluesky, 908.5, TRmontney
200/d-070-K 094-H-09/00, 153, 924, 0, ABOVE Kbluesky, 874, TRmontney
200/a-086-K 094-H-09/00, 25, 865.2, 0, ABOVE Kbfs, 837.1, TRmontney
200/a-095-K 094-H-09/00, 876, 883.5, 831, TRmontney, 831, TRmontney
200/c-088-J 094-H-10/00, 150, 930, 0, ABOVE Kbluesky, 850, TRmontney
200/c-040-K 094-H-10/00, 130, 990, 0, ABOVE Kbluesky, 910, TRmontney
200/c-048-K 094-H-10/00, 271.4, 1045.9, 0, ABOVE Kbfs, 922, TRmontney
200/d-051-K 094-H-10/00, 40, 1274, 0, ABOVE TRmontney, 1407, BELOW TRdoig_p
200/d-065-K 094-H-10/00, 149, 883, 0, ABOVE Kbluesky, 3292, PRbelloy_p
200/d-068-K 094-H-10/00, 35, 930.2, 0, ABOVE Kbluesky, 920, TRmontney
200/c-076-K 094-H-10/00, 150, 1025, 0, ABOVE Kbfs, 903.6, TRmontney
200/a-085-K 094-H-10/00, 233.4, 1002, 0, ABOVE Kbfs, 903.9, TRmontney
200/b-089-K 094-H-10/00, 30, 930.2, 0, ABOVE TRmontney_p, 1407, BELOW TRdoig_p
200/c-092-K 094-H-10/00, 170, 940, 0, ABOVE Kbluesky, 902, TRmontney
200/d-098-K 094-H-10/00, 100, 915.2, 0, ABOVE Kbluesky, 892.5, TRmontney
200/d-065-L 094-H-10/00, 30, 1041.3, 0, ABOVE Kbluesky, 923, TRmontney
200/a-090-L 094-H-10/00, 257.1, 1011.1, 0, ABOVE Kbfs, 885.6, TRmontney
202/d-019-B 094-H-11/00, 25, 1136.2, 0, ABOVE Kspirit_r, 1131, Kbluesky
200/c-092-H 094-H-11/00, 230, 984, 0, ABOVE Kbluesky, 959, TRmontney
200/b-012-I 094-H-11/00, 261, 1058, 0, ABOVE Kbluesky, 973, TRmontney
200/a-033-I 094-H-11/00, 25, 1032.8, 0, ABOVE Kbfs, 950, TRmontney
200/a-084-I 094-H-11/00, 217, 996, 0, ABOVE Kbluesky, 877, TRmontney
200/a-049-J 094-H-11/00, 270.8, 1054.6, 0, ABOVE Kbfs, 994.8, TRmontney
200/a-060-J 094-H-11/00, 200, 995, 0, ABOVE Kbfs, 992.3, TRmontney
200/c-052-K 094-H-11/00, 30, 1039.3, 0, ABOVE Kbfs, 951.4, TRmontney
200/c-084-B 094-H-12/00, 180.4, 1220.6, 0, ABOVE Kbfs, 1197.5, TRdoig
200/c-084-B 094-H-12/02, 180.4, 1220.6, 0, ABOVE Kbfs, 1197.5, TRdoig
200/d-087-B 094-H-12/00, 180, 1142.2, 0, ABOVE Kbfs, 1407, BELOW TRdoig_p
200/c-041-G 094-H-12/00, 179.7, 1094.9, 0, ABOVE Kspirit_r, 1074, TRdoig
200/c-032-H 094-H-12/02, 1000, 2838, 999.7, Kgething, 2817.5, Dmuskeg
200/c-096-J 094-H-12/02, 1165, 2659, 1122.8, TRmontney, 2637.5, Dotterprk
200/a-017-A 094-H-14/00, 154, 877, 0, ABOVE Kbluesky, 854, TRmontney
200/a-014-D 094-H-14/00, 167.7, 982.5, 0, ABOVE Kbluesky, 948, TRmontney
200/b-038-G 094-H-14/00, 256, 1048, 0, ABOVE Kbluesky, 938, TRmontney
200/d-091-G 094-H-14/00, 175, 850, 0, ABOVE Kbluesky, 743, TRmontney
200/b-083-B 094-H-15/00, 269, 870, 0, ABOVE Kspirit_r, 824, TRmontney
200/b-024-C 094-H-15/00, 140, 925, 0, ABOVE Kspirit_r, 837.9, TRmontney
200/b-083-C 094-H-15/00, 152, 833, 0, ABOVE Kbluesky, 797.5, TRmontney
200/a-088-C 094-H-15/00, 93, 799, 0, ABOVE Kbfs, 796.9, TRmontney
200/a-016-D 094-H-15/00, 244.3, 1006.7, 0, ABOVE Kbfs, 898.6, TRmontney
200/a-030-D 094-H-15/00, 50, 1012.6, 0, ABOVE Kbfs, 861, TRmontney
200/c-036-D 094-H-15/00, 155.1, 997.5, 0, ABOVE Kbfs, 869.5, TRmontney
200/c-055-D 094-H-15/00, 164, 993.2, 0, ABOVE Kbluesky, 860, TRmontney
200/b-002-F 094-H-15/00, 156, 788, 0, ABOVE Kbluesky, 778, TRmontney
200/a-010-F 094-H-15/00, 275, 880, 0, ABOVE Kpeace_rv, 786.9, TRmontney
200/b-015-F 094-H-15/00, 152.4, 832.2, 0, ABOVE Kbluesky, 778.5, TRmontney
200/d-082-F 094-H-15/00, 256.9, 791.4, 0, ABOVE Kspirit_r, 749.6, TRmontney
200/d-039-G 094-H-15/00, 207.9, 827.3, 0, ABOVE Kpeace_rv, 776.3, TRmontney
200/b-068-G 094-H-15/00, 215, 820, 0, ABOVE Kbluesky, 770, TRmontney
200/d-080-G 094-H-15/00, 200, 810, 0, ABOVE Kbluesky, 752, TRmontney
200/b-086-G 094-H-15/00, 25, 804, 0, ABOVE Kspirit_r, 760.4, TRmontney
200/d-097-G 094-H-15/00, 245.7, 779.2, 0, ABOVE Kpeace_rv, 759, TRmontney
200/c-040-H 094-H-15/00, 25, 830, 0, ABOVE Kspirit_r, 797.1, TRmontney
200/a-032-J 094-H-15/00, 261, 771, 0, ABOVE Kspirit_r, 745, TRmontney
200/a-007-A 094-H-16/00, 25, 898.3, 0, ABOVE Kshftbury, 863.3, TRmontney
200/c-025-A 094-H-16/00, 10, 1037.2, 0, ABOVE Kshftbury, 1001.3, Mdebolt
200/c-039-A 094-H-16/00, 25, 1299, 0, ABOVE Kbluesky, 1407, BELOW TRdoig_p
200/b-092-A 094-H-16/00, 25, 1210, 0, ABOVE Kshftbury, 1407, BELOW TRdoig_p
200/a-007-B 094-H-16/00, 25, 1230, 0, ABOVE Kbluesky, 1407, BELOW TRdoig_p
200/b-013-B 094-H-16/00, 25, 905.7, 0, ABOVE Kbfs, 860, TRmontney
200/b-026-B 094-H-16/00, 335, 926, 0, ABOVE Kbfs, 860.4, TRmontney
200/a-039-B 094-H-16/00, 25, 890.8, 0, ABOVE Kbfs, 860, TRmontney
200/d-054-B 094-H-16/00, 25, 865.7, 0, ABOVE Kbfs, 845.1, TRmontney
200/c-092-B 094-H-16/00, 25, 865.6, 0, ABOVE Kbfs, 840, TRmontney
200/b-017-C 094-H-16/00, 140.3, 834.3, 0, ABOVE Kbfs, 825.7, Kgething
200/b-017-C 094-H-16/02, 140.3, 834.3, 0, ABOVE Kbfs, 825.7, Kgething
200/b-039-C 094-H-16/00, 25, 875, 0, ABOVE Kbfs, 836, TRmontney
200/b-039-C 094-H-16/02, 25, 875, 0, ABOVE Kbfs, 836, TRmontney
200/c-008-F 094-H-16/00, 165.2, 845.5, 0, ABOVE Kshftbury, 805, TRmontney
200/d-070-F 094-H-16/00, 151.2, 855, 0, ABOVE Kbluesky, 797.8, TRmontney
200/d-090-F 094-H-16/00, 25, 1166, 0, ABOVE Kbluesky, 1407, BELOW TRdoig_p
200/c-011-G 094-H-16/00, 25, 825, 0, ABOVE Kbfs, 809.9, TRmontney
200/c-034-G 094-H-16/00, 25, 839, 0, ABOVE Kbluesky, 826, TRmontney
200/d-015-H 094-H-16/00, 25, 1256, 0, ABOVE Kbluesky, 1407, BELOW TRdoig_p
200/c-019-H 094-H-16/00, 25, 1201, 0, ABOVE Kbluesky, 1407, BELOW TRdoig_p
200/c-038-H 094-H-16/00, 25, 1222, 0, ABOVE Kbluesky, 1407, BELOW TRdoig_p
200/a-054-H 094-H-16/00, 35, 803, 0, ABOVE Kbluesky, 803, Kbluesky
200/b-059-H 094-H-16/00, 50, 1132, 0, ABOVE Kbluesky, 1407, BELOW TRdoig_p
200/a-079-H 094-H-16/00, 25, 1161, 0, ABOVE Kbfs, 1407, BELOW TRdoig_p
200/c-088-H 094-H-16/00, 150, 1143, 0, ABOVE Kbluesky, 1407, BELOW TRdoig_p
200/c-096-H 094-H-16/00, 75, 1138, 0, ABOVE Kbluesky, 1407, BELOW TRdoig_p
200/d-008-I 094-H-16/00, 30, 1143, 0, ABOVE Kbluesky, 1407, BELOW TRdoig_p
200/d-016-I 094-H-16/00, 30, 1052.3, 0, ABOVE Kshftbury, 1407, BELOW TRdoig_p
200/b-028-I 094-H-16/00, 30, 1109, 0, ABOVE Kbluesky, 1407, BELOW TRdoig_p
200/a-039-I 094-H-16/00, 30, 1115, 0, ABOVE Kbluesky, 1407, BELOW TRdoig_p
200/a-060-I 094-H-16/00, 25, 788, 0, ABOVE Kbfs, 774.9, TRmontney
200/b-006-K 094-H-16/00, 10, 817.5, 0, ABOVE Kbfs, 771.1, TRmontney
200/d-045-K 094-H-16/00, 180, 779, 0, ABOVE Kbluesky, 766, Kbluesky
200/b-087-L 094-I-02/00, 322, 1786, 0, ABOVE Dbvrhl_lk_p, 1407, BELOW TRdoig_p
200/b-073-E 094-I-05/00, 5.2, 1626.9, 0, ABOVE Kspirit_r, 1407, BELOW TRdoig_p
200/a-099-I 094-I-06/00, 5.4, 1249.3, 0, ABOVE Kbullhead, 1247, Dkakisa
200/a-043-G 094-I-08/00, 25, 1229.1, 0, ABOVE Kspirit_r, 1136.7, Dredknife
200/b-028-J 094-I-08/00, 23.3, 1268, 0, ABOVE Mdebolt, 1239.7, Dft_smpsn
200/c-052-J 094-I-08/00, 371, 1723, 305, Kspirit_r, 1407, BELOW TRdoig_p
200/c-094-K 094-I-08/00, 25, 440.8, 0, ABOVE Kspirit_r, 433, Mshunda
200/c-094-K 094-I-08/02, 25, 440.8, 0, ABOVE Kspirit_r, 433, Mshunda
202/c-097-B 094-I-09/00, 126.4, 396.5, 0, ABOVE Kspirit_r, 365, Kbluesky
200/d-043-D 094-I-09/02, 1705.2, 1775.7, 1702.5, Dbvrhl_lk, 1735.2, Dslave_pt
200/d-091-D 094-I-09/00, -1, 1149.8, 0, ABOVE Kbluesky, 1146.9, Djn_marie
200/d-003-E 094-I-09/00, 1665, 1725.1, 1652, Dbvrhl_lk, 1667, Dslave_pt
200/d-003-E 094-I-09/02, 1665, 1725.1, 1652, Dbvrhl_lk, 1667, Dslave_pt
200/d-043-E 094-I-09/00, 207, 1120.2, 0, ABOVE Kspirit_r, 1004.4, Dredknife
200/b-082-F 094-I-09/00, 116, 370.6, 0, ABOVE Khot_sh, 338.8, Kbluesky
200/c-092-F 094-I-09/00, 150, 373.1, 0, ABOVE Kspirit_r, 344, Miss_sys
200/c-077-G 094-I-09/00, 129, 360, 0, ABOVE Kspirit_r, 1407, BELOW TRdoig_p
200/b-099-G 094-I-09/00, 121, 482, 0, ABOVE Kspirit_r, 1407, BELOW TRdoig_p
200/b-007-H 094-I-09/00, 30, 1126.7, 0, ABOVE Kspirit_r, 1093.5, Dft_smpsn
200/b-011-J 094-I-09/00, 151, 331.9, 0, ABOVE Kspirit_r, 314, Kbluesky
200/c-070-C 094-I-10/00, 140.8, 801.3, 0, ABOVE Kspirit_r, 630.5, Mbanff
200/b-022-K 094-I-10/00, 400, 588.4, 0, ABOVE Kbluesky, 529.7, Mbanff
200/d-029-K 094-I-10/00, 20, 1785, 0, ABOVE Kspirit_r, 1407, BELOW TRdoig_p
200/a-035-B 094-I-14/00, 550, 910, 0, ABOVE Krad_zn, 763.8, Mbanff
202/b-098-E 094-I-14/00, 1425, 1595, 1325.7, Dredknife, 1407, BELOW TRdoig_p
200/c-031-J 094-I-14/00, 175.5, 651, 0, ABOVE Kspirit_r, 624.4, Mdebolt
200/a-043-J 094-I-14/00, 176, 681.6, 0, ABOVE Kspirit_r, 624.8, Mdebolt
200/b-062-J 094-I-14/00, 10, 1489, 0, ABOVE Kdunvegan, 1445, Dft_smpsn
200/b-058-A 094-J-02/02, 979, 2563, 0, ABOVE TRmontney, 2559.8, Dslave_pt
200/c-017-C 094-J-02/00, 2375, 2789, 1904, Dft_smpsn, 1407, BELOW TRdoig_p
200/d-031-D 094-J-02/00, 2619, 2715, 2593, Dslave_pt, 1407, BELOW TRdoig_p
200/b-039-L 094-J-02/00, 1370, 2590, 1208.9, Mdebolt, 2546.5, Dotterprk
200/c-086-K 094-J-03/00, 1000, 3252, 0, ABOVE Kspirit_r, 3238, Dsulp_pt
200/a-061-H 094-J-04/00, 2836.7, 3216, 2742.7, Dslave_pt, 1407, BELOW TRdoig_p
200/a-077-A 094-J-09/00, 357, 2196, 0, ABOVE Mdebolt_L, 2151, Dklua
200/d-081-B 094-J-09/00, 382.5, 2277, 0, ABOVE Mdebolt_L, 2161.6, Dklua
200/c-038-J 094-J-09/00, 353.8, 1982, 322, Kscatter, 1942.2, Dslave_pt
202/b-026-J 094-J-10/00, 314, 1912.3, 0, ABOVE Kbluesky, 1407, BELOW TRdoig_p
200/a-049-E 094-J-15/00, 200, 1280, 0, ABOVE Kspirit_r, 1234, Dkotcho
200/c-037-I 094-N-16/00, 699, 1882, 342, Kdunvegan, 1688, TRtoad
200/a-097-A 094-O-03/00, 1998, 2064, 1951.6, Dotterprk, 2009.7, Dnahanni
200/a-047-B 094-O-03/00, 2051, 2127.3, 2048.4, Dnahanni, 2048.4, Dnahanni
200/c-013-H 094-O-04/00, 238, 1597, 0, ABOVE Klepine, 1407, BELOW TRdoig_p
200/d-095-I 094-O-04/00, 1935.5, 2144, 1929, Mmattson, 2140, Mdebolt
200/d-095-I 094-O-04/02, 1935.5, 2144, 1929, Mmattson, 2140, Mdebolt
200/d-095-I 094-O-04/03, 1935.5, 2144, 1929, Mmattson, 2140, Mdebolt
200/a-068-D 094-O-05/00, 2456.7, 2875.7, 2400, TRgraylng, 2786, Mmattson
200/b-066-H 094-O-05/00, 2730, 3380, 2477, Mdebolt, 3272.6, Dkotcho
200/b-066-H 094-O-05/02, 2730, 3380, 2477, Mdebolt, 3272.6, Dkotcho
200/b-066-H 094-O-05/03, 2730, 3380, 2477, Mdebolt, 3272.6, Dkotcho
200/b-066-H 094-O-05/04, 2730, 3380, 2477, Mdebolt, 3272.6, Dkotcho
200/b-066-H 094-O-05/05, 2730, 3380, 2477, Mdebolt, 3272.6, Dkotcho
200/b-023-K 094-O-05/03, 5, 2158.5, 0, ABOVE PRfantasq, 2808, Dmuskeg_p
200/d-034-K 094-O-05/00, 606.5, 2227.1, 496, Klepine, 1854, TRtoad_gr
200/d-068-J 094-O-06/00, 2946, 3018, 2934, Mbanff, 1407, BELOW TRdoig_p
200/d-068-J 094-O-06/02, 2946, 3018, 2934, Mbanff, 1407, BELOW TRdoig_p
200/a-086-J 094-O-06/00, 1070, 2025, 0, ABOVE Kscatter, 2010, Mgolata
200/d-077-F 094-O-07/00, 803, 2815.6, 726, Mshunda, 2769, Dkeg_rv
200/b-012-G 094-O-07/00, 5, 780, 0, ABOVE Kspirit_r, 750.5, Mshunda
200/b-025-H 094-O-07/00, 5, 760, 0, ABOVE Kspirit_r, 749, Mshunda
200/b-045-I 094-O-07/00, 786.5, 2850, 719, Mshunda, 2835.6, Dkeg_rv
200/c-044-J 094-O-07/00, 833, 3004.5, 783, Mshunda, 1407, BELOW TRdoig_p
200/c-087-K 094-O-07/00, 20, 1034, 0, ABOVE Kscatter, 1010, Mbanff
200/c-087-K 094-O-07/02, 20, 1034, 0, ABOVE Kscatter, 1010, Mbanff
200/c-088-K 094-O-07/00, 671, 3002, 608, Mdebolt, 1407, BELOW TRdoig_p
200/c-077-L 094-O-07/00, 829, 3036, 769, Mdebolt, 1407, BELOW TRdoig_p
200/b-088-L 094-O-07/00, 20, 816, 0, ABOVE Kscatter, 750, Mdebolt
200/b-088-L 094-O-07/02, 20, 816, 0, ABOVE Kscatter, 750, Mdebolt
200/b-063-B 094-O-08/00, 23, 598, 0, ABOVE Kspirit_r, 538.8, Mdebolt
200/d-075-G 094-O-08/00, -1, 2583, 0, ABOVE Mdebolt, 1407, BELOW TRdoig_p
200/d-085-G 094-O-08/00, 713, 2631.5, 700.2, Mshunda, 2612, Dkeg_rv
200/d-085-G 094-O-08/02, 713, 2631.5, 700.2, Mshunda, 2612, Dkeg_rv
200/b-088-G 094-O-08/00, 545, 627, 0, ABOVE Mdebolt, 594, Mdebolt
200/b-027-I 094-O-08/00, 2316, 3273, 1873.5, Dft_smpsn, 2446, Dmuskwa
200/a-021-J 094-O-08/00, 788, 2465, 756, Mshunda, 2422, Dmuskwa
200/a-023-J 094-O-08/00, 2550, 4020.3, 2514, Dotterprk, 1407, BELOW TRdoig_p
200/a-023-J 094-O-08/02, 2550, 4020.3, 2514, Dotterprk, 1407, BELOW TRdoig_p
200/a-023-J 094-O-08/03, 2550, 4020.3, 2514, Dotterprk, 1407, BELOW TRdoig_p
200/c-050-J 094-O-08/00, 860, 2742.5, 0, ABOVE Mpekisko, 1407, BELOW TRdoig_p
202/b-090-J 094-O-08/00, 25, 770, 0, ABOVE Krad_zn, 765.9, Mshunda
200/b-041-L 094-O-08/00, -1, 3350, 0, ABOVE Mshunda, 1407, BELOW TRdoig_p
200/d-052-L 094-O-08/00, 897, 2873, 876.2, Mshunda, 2849.5, Dkeg_rv
200/b-057-L 094-O-08/00, 27, 835, 0, ABOVE Kscatter, 805.8, Mshunda
200/b-085-A 094-O-09/03, 2078, 2686.5, 0, ABOVE Dmuskwa, 1407, BELOW TRdoig_p
200/b-086-A 094-O-09/00, -1, 450, 0, ABOVE Kspirit_r, 1341, TRchly_lk_p
200/d-066-F 094-O-09/00, 408.9, 1080.1, 0, ABOVE Mdebolt, 923.4, Mbanff
200/a-012-H 094-O-09/00, 382.6, 2539, 0, ABOVE Kscatter, 2472.8, Dkeg_rv
200/a-012-H 094-O-09/02, 382.6, 2539, 0, ABOVE Kscatter, 2472.8, Dkeg_rv
200/d-081-H 094-O-09/00, 385, 2344.5, 0, ABOVE Kspirit_r, 2300.7, Dotterprk
200/c-021-I 094-O-09/00, 372, 2455.6, 0, ABOVE Mdebolt, 2445, Dchinchga
200/c-054-I 094-O-09/00, 267, 2496.4, 0, ABOVE Mdebolt, 2486.2, Dchinchga
200/d-060-I 094-O-09/02, 2000, 2490, 0, ABOVE Dmuskwa, 1407, BELOW TRdoig_p
200/d-060-I 094-O-09/03, 2000, 2490, 0, ABOVE Dmuskwa, 1407, BELOW TRdoig_p
200/a-092-J 094-O-09/00, 25, 583, 0, ABOVE Kscatter, 567, Mshunda
200/b-091-B 094-O-10/00, 3052, 3187, 3041.3, Dnahanni, 3041.3, Dnahanni
200/b-091-B 094-O-10/02, 3052, 3187, 3041.3, Dnahanni, 3041.3, Dnahanni
200/b-091-B 094-O-10/03, 3052, 3187, 3041.3, Dnahanni, 3041.3, Dnahanni
200/d-069-C 094-O-10/00, 784, 2295.2, 734, Mdebolt, 2101, Dft_smpsn
200/d-028-F 094-O-10/00, 17, 1269, 0, ABOVE Mdebolt, 830, Mdebolt
200/d-073-L 094-O-10/00, 145, 577, 0, ABOVE Kscatter, 566.3, Mflett
200/a-075-D 094-O-11/00, 50, 1755, 0, ABOVE Kscatter, 1727.5, TRtoad
200/a-013-G 094-O-11/00, 238, 1511, 0, ABOVE Kscatter, 1455.4, TRtoad
200/d-035-G 094-O-11/00, 240, 1557, 0, ABOVE Kscatter, 1531.2, TRtoad
200/b-073-G 094-O-11/00, 243, 1517, 0, ABOVE Kscatter, 1490.2, TRtoad
200/a-094-G 094-O-11/00, 243, 1530, 0, ABOVE Kscatter, 1499.6, TRtoad
200/d-046-H 094-O-11/00, 4458, 4704, 4341.3, Dnahanni, 1407, BELOW TRdoig_p
200/d-046-H 094-O-11/02, 4458, 4704, 4341.3, Dnahanni, 1407, BELOW TRdoig_p
200/c-075-H 094-O-11/00, 223.8, 1005.9, 0, ABOVE Kscatter, 955.6, Mmattson
200/c-075-H 094-O-11/02, 223.8, 1005.9, 0, ABOVE Kscatter, 955.6, Mmattson
200/b-059-I 094-O-11/00, 206, 1295, 0, ABOVE Kscatter, 1251.3, TRtoad
200/c-075-I 094-O-11/00, 254.7, 1175, 0, ABOVE Kscatter, 1157.5, Mmattson
200/d-036-J 094-O-11/00, 250, 1600, 0, ABOVE Kscatter, 1583.5, TRtoad
200/c-095-J 094-O-11/00, 1299, 1527, 1198.7, Kscatter, 1515.8, TRtoad
200/d-097-J 094-O-11/00, 245, 1575, 0, ABOVE Kscatter, 1550.8, TRtoad
200/b-052-K 094-O-11/00, 322, 1732, 0, ABOVE Kscatter, 1668.7, TRtoad
200/a-059-L 094-O-11/00, 362, 1750, 0, ABOVE Kscatter, 1602.7, Kgarbutt
200/d-028-B 094-O-12/00, 400, 4020, 0, ABOVE Ksikanni, 1407, BELOW TRdoig_p
200/a-055-F 094-O-13/00, 30, 581.6, 0, ABOVE Kdunvegan, 2025, TRmontney_p
200/c-080-A 094-O-14/00, 209, 1265, 0, ABOVE Kscatter, 1235.8, TRtoad
200/b-028-B 094-O-14/00, 241.5, 1506.2, 0, ABOVE Kscatter, 1493.1, Krad_zn
200/c-051-B 094-O-14/00, 4268, 4735, 4254.5, Dmuskwa, 4254.5, Dmuskwa
200/b-052-B 094-O-14/00, 1479, 1964.5, 1476.4, Mmattson, 1958, Mdebolt
200/b-052-B 094-O-14/02, 1479, 1964.5, 1476.5, Mmattson, 1958, Mdebolt
200/c-060-E 094-O-14/00, 2450, 3211, 2416.5, Mmattson, 1407, BELOW TRdoig_p
200/c-016-G 094-O-14/00, 75, 1275, 0, ABOVE Kscatter, 1265.6, TRtoad
200/b-035-G 094-O-14/00, 45, 1275, 0, ABOVE Kscatter, 1261.8, TRtoad
200/c-013-J 094-O-14/00, 209, 1347, 0, ABOVE Ksully, 1312.6, TRtoad
200/d-070-J 094-O-14/00, 50, 1430.4, 0, ABOVE Kscatter, 1405.5, TRtoad
200/c-069-K 094-O-14/00, 40, 1650, 0, ABOVE Ksully, 1623.9, TRtoad
200/d-050-A 094-O-15/00, -1, 487.3, 0, ABOVE Kspirit_r, 483, Mgolata
202/d-050-A 094-O-15/00, -1, 856.3, 0, ABOVE Kft_st_jn, 849.9, Mshunda
200/c-062-A 094-O-15/00, -1, 488.5, 0, ABOVE Mgolata, 476, Mmt_head
200/b-091-G 094-O-15/00, 693.5, 2761, 673, Mpekisko, 2683.9, Ddunedin
200/a-061-H 094-O-15/00, 36, 705, 0, ABOVE Kspirit_r, 684.4, Mshunda
200/b-080-H 094-O-15/00, 35, 633.5, 0, ABOVE Kspirit_r, 593, Mshunda
200/c-001-L 094-O-15/00, -1, 3127, 0, ABOVE Mdebolt, 1407, BELOW TRdoig_p
200/d-012-L 094-O-15/00, 2150, 2952, 2049.6, Dft_smpsn, 2943, Dmuskwa
200/d-012-L 094-O-15/02, 2150, 2952, 2049.6, Dft_smpsn, 2943, Dmuskwa
200/c-015-B 094-O-16/00, 621, 2704, 599.9, Mshunda, 1407, BELOW TRdoig_p
200/c-053-C 094-O-16/00, 687, 1231, 630.5, Mshunda, 1198, Mexshaw
200/a-060-E 094-O-16/00, 36, 707, 0, ABOVE Kspirit_r, 683.7, Mshunda
200/d-070-F 094-O-16/00, 8, 707.5, 0, ABOVE Miss_sys, 692.5, Mpekisko
200/c-075-F 094-O-16/00, -1, 2815, 0, ABOVE Mdebolt, 1407, BELOW TRdoig_p
200/a-001-K 094-O-16/00, -1, 444.7, 0, ABOVE Mdebolt, 345.8, Mshunda
200/a-001-K 094-O-16/02, -1, 444.7, 0, ABOVE Mdebolt, 345.8, Mshunda
200/a-050-J 094-P-02/00, 222.4, 1416.4, 0, ABOVE Kshftbury, 1397, Dft_smpsn
200/a-089-K 094-P-02/00, 1873, 1917, 1868, Dmuskwa, 1868, Dmuskwa
200/a-089-K 094-P-02/02, 1873, 1917, 1868, Dmuskwa, 1868, Dmuskwa
200/b-013-A 094-P-03/03, 236.1, 1490.8, 0, ABOVE Kbluesky, 1440, Dft_smpsn
200/a-015-A 094-P-03/00, -1, 950.9, 0, ABOVE Kdunvegan, 1407, BELOW TRdoig_p
200/a-015-A 094-P-03/02, -1, 950.9, 0, ABOVE Kdunvegan, 1407, BELOW TRdoig_p
200/a-015-A 094-P-03/03, -1, 950.9, 0, ABOVE Kdunvegan, 1407, BELOW TRdoig_p
202/a-067-H 094-P-03/00, 252, 999, 0, ABOVE Kshftbury, 709, Mbanff
200/d-023-A 094-P-04/00, 495, 2435.6, 0, ABOVE Kspirit_r, 2417.6, Dkeg_rv_L
200/a-059-H 094-P-04/00, 271.5, 1628, 0, ABOVE Kbluesky, 1603, Dft_smpsn
200/a-044-C 094-P-07/00, 1863, 2005, 1862, Dmuskwa, 1993.5, Dsulp_pt
200/c-066-C 094-P-08/00, 600, 866, 436.5, Mbanff, 824.5, Dtetcho
200/b-060-D 094-P-12/00, 398, 2492.5, 0, ABOVE Kscatter, 2401.5, Dkeg_rv
200/d-028-E 094-P-12/00, 385, 2531.4, 0, ABOVE Kscatter, 2452, Dkeg_rv
200/d-028-E 094-P-12/02, 385, 2531.4, 0, ABOVE Mdebolt, 2452, Dkeg_rv
200/d-097-E 094-P-12/00, 384.6, 2466, 0, ABOVE Mdebolt, 2398.4, Dkeg_rv
200/d-028-A 094-P-13/00, 212.3, 471.5, 0, ABOVE Kspirit_r, 453, Mbanff
200/b-088-H 094-P-13/00, 212.3, 471.5, 0, ABOVE Kspirit_r, 441.2, Mpekisko
202/a-045-B 094-P-15/00, 42, 439.5, 0, ABOVE Kbuck_hrs, 427.7, Mbanff
200/a-089-B 094-P-15/00, 600, 2158.9, 478.7, Mbanff, 1407, BELOW TRdoig_p
200/b-070-D 094-P-16/00, 321, 2026, 0, ABOVE Kspirit_r, 2013.2, Dkeg_rv_L
200/b-070-D 094-P-16/02, 321, 2026, 0, ABOVE Kspirit_r, 2013.2, Dkeg_rv_L
200/c-080-J 104-H-02/00, 135.2, 851, 16.6, Jcurrier, 1407, BELOW TRdoig_p
